0.153576,0.172654,0.385881,0.919781,0.490413,0.583408,0.498815,0.473199,0.692716,0.425266,0.605135,0.445044,0.617452,0.419362,0.597565,0.610618,0.474691,0.430423,0.529676,0.597621,0.54556,0.522208,0.579267,0.555629,0.589547,0.574948,0.513389,0.533255,0.661868,0.562685,0.347948,0.551617,0.600369,0.52056,0.574166,0.658474,0.448185,0.544183,0.635252,0.490947,0.520457,0.434356,0.607838,0.609982,0.565933,0.437379,0.577109,0.478435,0.476751,0.352902
0.55285,0.917053,0.644275,0.993399,0.51112,0.391567,0.646974,0.50075,0.741933,0.395627,0.61561,0.451057,0.643642,0.435724,0.559907,0.61825,0.439761,0.37997,0.257161,0.694448,0.599572,0.476104,0.624787,0.589688,0.598845,0.535157,0.530854,0.535788,0.619496,0.503995,0.383406,0.516729,0.404802,0.510654,0.524188,0.663919,0.532924,0.557111,0.627919,0.528376,0.553375,0.4588,0.625373,0.554961,0.554035,0.359231,0.56363,0.487608,0.518594,0.381294
0.0595969,0.0386502,0.505492,0.889341,0.583174,0.412478,0.460346,0.505444,0.688933,0.438365,0.606462,0.446977,0.678808,0.457393,0.53572,0.704256,0.447913,0.483644,0.359758,0.634818,0.57294,0.420099,0.62038,0.607205,0.589229,0.524933,0.48799,0.4963,0.633473,0.4944,0.363409,0.525815,0.539764,0.518072,0.551568,0.646438,0.514147,0.549593,0.626021,0.519926,0.594962,0.490591,0.665409,0.564806,0.552506,0.409737,0.566744,0.500331,0.477837,0.361042
0.196528,0.130493,0.334184,0.870971,0.657185,0.468577,0.505818,0.279468,0.368588,0.664296,0.568298,0.568775,0.641042,0.524576,0.432493,0.528401,0.343615,0.436614,0.542455,0.690332,0.526149,0.462759,0.721326,0.592324,0.966715,0.631967,0.58964,0.425138,0.737762,0.0832387,0.468629,0.225456,0.609495,0.513033,0.285417,0.740951,0.520859,0.484164,0.492557,0.545982,0.558765,0.499604,0.616149,0.524488,0.567527,0.418467,0.646776,0.47742,0.390359,0.29745
0.0919944,0.135336,0.616208,0.884206,0.504784,0.460562,0.383119,0.516421,0.657167,0.483827,0.619418,0.426531,0.657059,0.442456,0.538912,0.668011,0.467079,0.468695,0.467926,0.661814,0.579422,0.422443,0.627791,0.601612,0.578894,0.542685,0.530597,0.522288,0.621861,0.504045,0.390053,0.512029,0.351551,0.507964,0.565029,0.640439,0.555901,0.557652,0.622565,0.515068,0.568503,0.466825,0.618791,0.556747,0.559716,0.455734,0.583901,0.498709,0.489101,0.350208
0.521425,0.0265483,0.277629,0.398821,0.901325,0.131595,0.763812,0.836594,0.793218,0.248555,0.866785,0.340384,0.370875,0.138437,0.373775,0.83197,0.255407,0.287414,0.948462,1,0.657004,0.46381,0.852743,0.393133,0.643772,0.890986,0.282057,0.735891,0.559017,0.640646,0.613404,0.818855,0.295051,0.408023,0.00611631,0.430834,0.13765,0.543382,0.513288,0.487234,0.816787,0.694763,0.217239,0.446285,0.713423,0.386663,0.699352,0.51491,0.492183,0.520418
0.116506,0.204726,0.637938,0.910006,0.491693,0.45927,0.423435,0.492668,0.674637,0.474195,0.611891,0.421284,0.657789,0.436324,0.535732,0.661835,0.471353,0.470207,0.535376,0.658841,0.583649,0.424622,0.615915,0.597902,0.595791,0.535981,0.531767,0.521908,0.616019,0.514392,0.38948,0.516622,0.425221,0.521973,0.534172,0.651208,0.565339,0.553373,0.624331,0.519348,0.56425,0.466211,0.612717,0.557232,0.560773,0.448941,0.578732,0.500349,0.484799,0.35203
0.162249,0.146075,0.278147,0.874394,0.125964,0.430044,0.459221,0.551792,0.713453,0.464367,0.517014,0.41631,0.663028,0.422302,0.535543,0.641002,0.448895,0.441199,0.442323,0.694146,0.597299,0.454553,0.609416,0.604437,0.572972,0.530981,0.563385,0.520005,0.608623,0.456236,0.336683,0.56183,0.511108,0.537878,0.549087,0.644464,0.520563,0.544014,0.61621,0.527233,0.593745,0.483195,0.60149,0.29298,0.485377,0.406623,0.543945,0.533778,0.439259,0.353822
0.118209,0.192882,0.619901,0.908607,0.50476,0.440047,0.50772,0.471092,0.69401,0.447728,0.588745,0.416629,0.666281,0.433468,0.538113,0.658214,0.468226,0.479459,0.532368,0.652619,0.59571,0.436597,0.609323,0.614875,0.583694,0.543567,0.53971,0.498454,0.607911,0.524711,0.359591,0.525401,0.577629,0.548528,0.495795,0.669583,0.560411,0.549434,0.620688,0.523029,0.572535,0.456687,0.619355,0.554639,0.572713,0.418849,0.575443,0.501005,0.488127,0.351953
0.852389,0.612876,0.939051,0.15301,0.326239,0.503324,0.238018,0.236034,0.746779,0.449339,0.546707,0.544864,0.441808,0.264043,0.513658,0.705894,0.348048,0.39443,0.333351,0.710852,0.605971,0.238886,0.659735,0.366381,0.359744,0.717253,0.623536,0.429198,0.604232,0.682149,0.442195,0.59047,0.480598,0.631391,0.23429,0.465787,0.225373,0.649045,0.471691,0.308871,0.737792,0.362717,0.641618,0.424458,0.627353,0.474343,0.655569,0.48928,0.466486,0.331272
0.1794,0.229843,0.380834,0.909419,0.17607,0.40865,0.504713,0.532429,0.746633,0.748522,0.590778,0.470545,0.655471,0.460768,0.557716,0.66228,0.536284,0.469114,0.518503,0.658512,0.585417,0.427448,0.616021,0.599949,0.57402,0.549636,0.528795,0.520499,0.633962,0.499684,0.354087,0.578862,0.552457,0.547791,0.540829,0.595636,0.614103,0.574859,0.639285,0.501561,0.573661,0.470277,0.596766,0.549419,0.568439,0.435617,0.579486,0.490968,0.45435,0.301666
0.11983,0.211661,0.638951,0.912229,0.490916,0.458708,0.435585,0.486932,0.681919,0.469535,0.608612,0.422031,0.657484,0.439433,0.53777,0.661438,0.470293,0.472427,0.541786,0.659061,0.585451,0.423762,0.614731,0.600199,0.597566,0.536921,0.530056,0.521853,0.617238,0.516504,0.386519,0.518772,0.451381,0.525705,0.522122,0.651638,0.564823,0.550984,0.622943,0.520881,0.564676,0.465948,0.612186,0.558349,0.56055,0.443109,0.578096,0.501666,0.482351,0.351375
0.137403,0.113741,0.315611,0.877639,0.165592,0.448089,0.50767,0.539416,0.745524,0.780776,0.617321,0.448638,0.634072,0.486228,0.529807,0.633709,0.535928,0.411142,0.453926,0.651735,0.643828,0.417517,0.631729,0.574966,0.619131,0.528428,0.526659,0.514333,0.635775,0.41476,0.35887,0.577587,0.494902,0.536989,0.495383,0.666273,0.500492,0.564072,0.605504,0.552973,0.546448,0.464619,0.63013,0.548531,0.567419,0.44788,0.57548,0.505997,0.477023,0.32389
0.21803,0.131423,0.266368,0.864349,0.807225,0.342609,0.365887,0.328804,0.896296,0.416144,0.773559,0.302254,0.58831,0.559561,0.216998,0.832004,0.560017,0.546511,0.444739,0.784647,0.570288,0.569071,0.514437,0.487939,0.68873,0.553713,0.605798,0.538185,0.546874,0.617425,0.326485,0.440204,0.44537,0.597239,0.540183,0.600902,0.599535,0.589199,0.621418,0.530656,0.549249,0.42717,0.55074,0.586666,0.557009,0.530663,0.559312,0.536851,0.433463,0.312163
0.19265,0.23731,0.395459,0.889922,0.186053,0.442746,0.487827,0.566262,0.745356,0.761392,0.616775,0.424873,0.659863,0.449386,0.541827,0.670566,0.463665,0.475846,0.533577,0.663696,0.569555,0.436677,0.620904,0.593216,0.561571,0.518336,0.510532,0.545066,0.628587,0.45742,0.365636,0.55064,0.460417,0.543482,0.534925,0.646849,0.541228,0.560138,0.636871,0.509131,0.555317,0.463548,0.630462,0.553202,0.558956,0.458984,0.582534,0.502554,0.477411,0.349614
0.0793385,0.0492504,0.517354,0.865116,0.568985,0.439539,0.419283,0.483467,0.697388,0.432277,0.544746,0.43638,0.654223,0.414057,0.583168,0.604478,0.448759,0.449146,0.420737,0.689619,0.555822,0.461932,0.61454,0.595201,0.638693,0.56626,0.513679,0.554894,0.601342,0.460903,0.457379,0.514625,0.53176,0.532427,0.55091,0.637979,0.533956,0.570862,0.614238,0.55497,0.606038,0.462874,0.633793,0.572394,0.553955,0.410625,0.551132,0.519304,0.474775,0.364116
0.120711,0.21401,0.638649,0.913607,0.491216,0.457166,0.440229,0.482575,0.684415,0.467502,0.608672,0.424891,0.65877,0.438518,0.538195,0.663251,0.470065,0.47438,0.543182,0.658575,0.585824,0.42475,0.61528,0.60126,0.595647,0.537392,0.529401,0.520301,0.617411,0.518933,0.385152,0.521074,0.463282,0.52817,0.517549,0.652439,0.563743,0.551313,0.622501,0.521287,0.565216,0.465491,0.61248,0.558806,0.560455,0.441427,0.577677,0.501391,0.484229,0.350817
0.131044,0.151402,0.309154,0.895617,0.0235803,0.437841,0.457927,0.504636,0.677884,0.38613,0.623764,0.421928,0.660881,0.442143,0.51901,0.657262,0.464845,0.439603,0.424185,0.670186,0.579676,0.437095,0.620449,0.595028,0.588684,0.537045,0.533057,0.523733,0.616571,0.507301,0.378628,0.533967,0.513793,0.535189,0.512011,0.651006,0.557027,0.548486,0.627818,0.522887,0.568446,0.467602,0.623663,0.585885,0.572147,0.457728,0.581922,0.508259,0.482522,0.350555
0.298474,0.353743,0.44769,0.884564,0.614618,0.350007,0.266147,0.430599,0.175894,0.779596,0.577503,0.377605,0.583669,0.487086,0.577049,0.602125,0.360687,0.452156,0.460985,0.795159,0.424026,0.389593,0.77993,0.471115,0.622752,0.633132,0.557415,0.457527,0.503658,0.474623,0.29398,0.525974,0.615131,0.497625,0.446456,0.759855,0.541974,0.499743,0.714826,0.577402,0.498649,0.483549,0.636723,0.545248,0.531753,0.270828,0.646907,0.533717,0.462063,0.310583
0.0459913,0.0695575,0.484716,0.937669,0.582092,0.467544,0.40907,0.477062,0.727621,0.431229,0.540598,0.404791,0.677041,0.436812,0.541155,0.685997,0.4588,0.426807,0.388918,0.659337,0.570065,0.402982,0.615374,0.605346,0.603828,0.531556,0.51231,0.503405,0.636126,0.504302,0.379553,0.543818,0.526123,0.525254,0.564751,0.623357,0.473807,0.552835,0.627156,0.511151,0.59414,0.493898,0.65851,0.566274,0.537876,0.380161,0.568685,0.522013,0.444715,0.37031
0.0849047,0.0785895,0.526216,0.882683,0.57915,0.437262,0.395825,0.473412,0.698127,0.463921,0.646045,0.417057,0.66425,0.462105,0.465166,0.64748,0.447074,0.486321,0.416824,0.650932,0.615029,0.429653,0.623655,0.573566,0.587923,0.537296,0.531082,0.502592,0.621798,0.524837,0.382931,0.53935,0.421638,0.528706,0.580979,0.6444,0.500534,0.58129,0.602578,0.504995,0.583232,0.473297,0.669962,0.566403,0.535375,0.38732,0.579337,0.504572,0.525651,0.36401
0.123038,0.208319,0.628314,0.911722,0.500664,0.456835,0.475232,0.483879,0.699358,0.454996,0.610597,0.414725,0.657727,0.441585,0.545889,0.656519,0.472443,0.475122,0.550119,0.65888,0.587317,0.427265,0.620578,0.604182,0.594043,0.535472,0.528566,0.519403,0.61382,0.524683,0.375679,0.526426,0.509693,0.543973,0.499635,0.656821,0.555583,0.546653,0.624979,0.522024,0.56007,0.469225,0.614917,0.565512,0.54983,0.438602,0.579031,0.508107,0.48107,0.350737
0.134023,0.152793,0.303867,0.895471,0.0167579,0.436724,0.462995,0.510862,0.690961,0.451019,0.618989,0.426315,0.65739,0.443436,0.516089,0.660494,0.46088,0.439696,0.427989,0.667073,0.575757,0.437224,0.619844,0.593589,0.588108,0.542098,0.533289,0.528742,0.615854,0.430499,0.358677,0.569791,0.507895,0.547013,0.515602,0.642359,0.564219,0.563502,0.633328,0.514149,0.571141,0.465631,0.621164,0.62922,0.582265,0.45471,0.58544,0.501951,0.476047,0.353333
0.139137,0.211913,0.575204,0.914251,0.543269,0.486375,0.460035,0.440997,0.72585,0.440622,0.538548,0.422351,0.680957,0.418989,0.546103,0.667921,0.460217,0.455773,0.513827,0.676452,0.573918,0.383698,0.61457,0.582481,0.557474,0.535311,0.520299,0.513424,0.622508,0.511498,0.372975,0.544889,0.600444,0.535378,0.526288,0.646009,0.4951,0.546612,0.632827,0.527677,0.558815,0.48168,0.623013,0.574353,0.542915,0.371736,0.568323,0.512864,0.454202,0.362318
0.10832,0.184942,0.634663,0.902518,0.492444,0.461959,0.405486,0.501359,0.664192,0.481502,0.61471,0.419288,0.6573,0.436459,0.533701,0.660182,0.470947,0.465817,0.518539,0.661838,0.583585,0.427547,0.617324,0.599252,0.590816,0.536569,0.531997,0.523399,0.61625,0.508513,0.39294,0.513533,0.388654,0.514747,0.5451,0.649355,0.564276,0.555124,0.627025,0.516112,0.562759,0.466717,0.614094,0.556637,0.560093,0.454008,0.579949,0.498666,0.48739,0.353149
0.095936,0.0736654,0.39325,0.884262,0.35664,0.39752,0.457697,0.535449,0.742267,0.610341,0.634949,0.466557,0.676592,0.433403,0.601978,0.678935,0.480551,0.440616,0.389866,0.655294,0.562171,0.42178,0.626802,0.637013,0.593703,0.525014,0.501066,0.486232,0.630613,0.662841,0.432074,0.415467,0.538992,0.516005,0.53185,0.667586,0.545895,0.554483,0.625957,0.510041,0.575752,0.501381,0.648462,0.575457,0.565467,0.419746,0.589547,0.526428,0.499079,0.343996
0.114338,0.204211,0.638097,0.914171,0.485633,0.454233,0.478557,0.453157,0.709605,0.449601,0.601398,0.429863,0.659033,0.43637,0.541168,0.65765,0.468379,0.471577,0.532493,0.655687,0.588069,0.423072,0.615795,0.599805,0.593513,0.536266,0.52904,0.519027,0.616525,0.530911,0.372557,0.533702,0.564507,0.5423,0.483393,0.66105,0.566993,0.542626,0.623379,0.527019,0.564305,0.463685,0.609041,0.561962,0.560794,0.416149,0.577764,0.500931,0.487925,0.35034
0.13128,0.11915,0.398379,0.846876,0.108087,0.436534,0.452684,0.495593,0.771779,0.770328,0.592892,0.450031,0.658562,0.431872,0.528779,0.654912,0.465972,0.44014,0.425486,0.67109,0.583993,0.443033,0.621862,0.592149,0.587781,0.540824,0.534553,0.52687,0.613951,0.481251,0.367608,0.548484,0.490614,0.539685,0.505831,0.646936,0.573253,0.546003,0.629014,0.522705,0.557361,0.461413,0.605115,0.571632,0.561206,0.395647,0.576441,0.495249,0.494688,0.353823
0.0498051,0.030333,0.503709,0.895872,0.572269,0.390923,0.459247,0.458669,0.717468,0.446661,0.69306,0.357175,0.660296,0.381125,0.519679,0.556153,0.478279,0.448376,0.414599,0.655854,0.582919,0.404226,0.624565,0.635646,0.585898,0.532374,0.530157,0.51823,0.632333,0.496803,0.371484,0.549699,0.532587,0.529611,0.519923,0.646251,0.556827,0.552828,0.615937,0.51807,0.578958,0.483889,0.640181,0.568586,0.550024,0.426348,0.578238,0.496353,0.50479,0.342752
0.164932,0.143628,0.336377,0.835099,0.0266791,0.459337,0.4721,0.517226,0.719634,0.505502,0.61354,0.404548,0.644381,0.472457,0.528696,0.650569,0.457174,0.432555,0.441979,0.660878,0.57199,0.44076,0.622408,0.595181,0.592603,0.538364,0.527012,0.531324,0.612594,0.432792,0.359788,0.560322,0.497011,0.542179,0.50728,0.654583,0.565016,0.551155,0.629953,0.508889,0.558685,0.457605,0.616791,0.655926,0.578246,0.411721,0.58108,0.500642,0.48055,0.355122
0.548688,0.886664,0.659055,0.957779,0.537748,0.429719,0.340412,0.700121,0.57755,0.523511,0.664795,0.397885,0.638906,0.436102,0.487229,0.620805,0.510148,0.370426,0.294712,0.675268,0.558814,0.47472,0.597626,0.58186,0.58007,0.578381,0.527529,0.51635,0.622659,0.559635,0.365697,0.551827,0.662886,0.546465,0.521795,0.64035,0.526284,0.567414,0.646489,0.537135,0.579098,0.464743,0.631307,0.562086,0.563567,0.542591,0.592176,0.467422,0.561392,0.256544
0.110589,0.189274,0.596923,0.925967,0.525116,0.43393,0.473812,0.52383,0.682758,0.437549,0.605671,0.427726,0.632966,0.425675,0.584358,0.644928,0.452117,0.478373,0.556205,0.698324,0.602292,0.467537,0.608281,0.597061,0.610162,0.518345,0.550545,0.516368,0.610922,0.520935,0.364014,0.547821,0.476937,0.528938,0.491221,0.642858,0.531289,0.549793,0.630763,0.522035,0.581027,0.477376,0.622409,0.558141,0.557743,0.459528,0.582892,0.510113,0.466765,0.354355
0.298757,0.211216,0.127294,0.84531,0.500438,0.310824,0.349297,0.376135,0.744094,0.36981,0.802128,0.445278,0.699668,0.404012,0.799957,0.731512,0.465407,0.152583,0.536517,0.546265,0.355204,0.349076,0.547266,0.777247,0.601454,0.588064,0.426795,0.292582,0.674852,0.558754,0.403889,0.687416,0.49637,0.511257,0.544092,0.682441,0.582268,0.576964,0.634354,0.49765,0.567975,0.477361,0.524802,0.655221,0.536063,0.474608,0.599853,0.440849,0.451936,0.357622
0.1148,0.205069,0.63814,0.914365,0.485888,0.45436,0.477229,0.45419,0.70905,0.450037,0.60143,0.429955,0.659107,0.436693,0.54111,0.657409,0.468537,0.471254,0.533749,0.655908,0.58795,0.422641,0.615423,0.599454,0.594286,0.535931,0.528207,0.519273,0.615934,0.530794,0.373476,0.532881,0.561567,0.541892,0.484684,0.6597,0.566572,0.543727,0.623557,0.528338,0.565131,0.46247,0.609272,0.562524,0.560933,0.418285,0.576366,0.502761,0.488909,0.349855
0.0875747,0.215001,0.59817,0.978425,0.508409,0.443356,0.479993,0.502942,0.680859,0.454052,0.611999,0.417441,0.654032,0.438318,0.538605,0.659195,0.469104,0.475793,0.54562,0.653566,0.585866,0.425033,0.616489,0.598293,0.590657,0.536575,0.529889,0.515623,0.619944,0.525072,0.381676,0.5286,0.528639,0.534958,0.511916,0.649493,0.555791,0.552784,0.622858,0.522338,0.57679,0.468186,0.618263,0.554963,0.563406,0.493137,0.583303,0.513431,0.471491,0.349362
0.105472,0.176475,0.607672,0.916257,0.510393,0.432467,0.52183,0.491098,0.707733,0.430273,0.58546,0.403718,0.669108,0.424215,0.542139,0.640143,0.478463,0.477603,0.533758,0.664247,0.598443,0.440528,0.627928,0.612055,0.586583,0.546436,0.534105,0.487175,0.596878,0.517901,0.347451,0.520817,0.578181,0.564729,0.48986,0.673838,0.558261,0.546955,0.609999,0.517659,0.562186,0.456025,0.633866,0.559943,0.556749,0.426671,0.5701,0.503111,0.472358,0.349009
0.13545,0.119794,0.357122,0.872348,0.2841,0.430776,0.438853,0.490099,0.604721,0.0394487,0.623416,0.457008,0.661753,0.474529,0.555429,0.688941,0.451143,0.481159,0.390395,0.645464,0.59264,0.437294,0.660354,0.654755,0.53965,0.54648,0.501885,0.50363,0.623754,0.68612,0.403128,0.46536,0.561875,0.527165,0.608889,0.560119,0.578423,0.474086,0.582203,0.534798,0.577612,0.479025,0.628445,0.386788,0.515029,0.411345,0.586138,0.530113,0.488337,0.309104
0.15787,0.25685,0.575248,0.91309,0.408962,0.456383,0.421223,0.473975,0.657041,0.329298,0.620608,0.411772,0.660598,0.436368,0.536803,0.651877,0.470429,0.483667,0.557434,0.653151,0.583433,0.42125,0.623629,0.60653,0.589305,0.532266,0.534991,0.519369,0.622457,0.578991,0.399219,0.492352,0.456257,0.513656,0.51517,0.659467,0.553134,0.541669,0.61976,0.514462,0.560983,0.472496,0.627725,0.623587,0.575133,0.460732,0.586693,0.495944,0.482226,0.358413
0.112786,0.200082,0.637602,0.912685,0.484903,0.454647,0.483847,0.450483,0.712658,0.44765,0.59936,0.428502,0.657537,0.439423,0.542084,0.656033,0.468055,0.470819,0.530239,0.655387,0.585957,0.424165,0.61629,0.599732,0.59403,0.535762,0.528626,0.518811,0.617431,0.53203,0.370025,0.5351,0.573834,0.543783,0.479495,0.662432,0.567159,0.541443,0.622523,0.528041,0.563709,0.464521,0.609044,0.562725,0.561427,0.41248,0.575924,0.503242,0.489724,0.350948
0.115167,0.175913,0.611256,0.898538,0.518681,0.450069,0.451641,0.539512,0.667892,0.473769,0.636141,0.387505,0.65493,0.443637,0.535839,0.668044,0.464048,0.441084,0.555496,0.657533,0.583945,0.426188,0.631679,0.59616,0.602523,0.543684,0.508208,0.538486,0.623658,0.502673,0.398442,0.523726,0.423204,0.50953,0.542903,0.661813,0.555974,0.549498,0.623297,0.511453,0.562341,0.471577,0.624868,0.557249,0.554088,0.463527,0.581249,0.50781,0.480132,0.35206
0.102461,0.193481,0.594881,0.94304,0.516343,0.480288,0.535721,0.516315,0.698294,0.45266,0.612823,0.380481,0.625852,0.4954,0.558775,0.641999,0.447213,0.460565,0.553679,0.635535,0.567616,0.424589,0.607619,0.598956,0.589235,0.518964,0.518592,0.528301,0.622682,0.535086,0.37648,0.52785,0.580189,0.547663,0.49271,0.660378,0.54397,0.548072,0.622208,0.524577,0.560747,0.466649,0.618244,0.560115,0.556149,0.4703,0.579458,0.516052,0.466674,0.346023
0.154493,0.177967,0.380911,0.906201,0.334158,0.375377,0.497762,0.475801,0.708005,0.56524,0.64023,0.405593,0.681386,0.416951,0.556232,0.698717,0.442031,0.452537,0.476175,0.646922,0.57638,0.420561,0.641051,0.627186,0.608946,0.535556,0.465874,0.499394,0.631949,0.569485,0.396253,0.530703,0.579369,0.539773,0.523239,0.669444,0.508475,0.534743,0.631586,0.511614,0.60303,0.490515,0.664867,0.601214,0.554355,0.437673,0.583734,0.483494,0.524797,0.364757
0.330605,0.378727,0.424002,0.861425,0.657343,0.79268,0.34596,0.566893,0.498708,0.611385,0.728232,0.407755,0.698165,0.316418,0.388328,0.684304,0.574975,0.435823,0.537166,0.901458,0.453491,0.548241,0.605681,0.525667,0.0985773,0.303992,0.436665,0.516388,0.653285,0.422636,0.379449,0.495682,0.551918,0.542039,0.414073,0.652725,0.694744,0.504922,0.594693,0.54188,0.600514,0.492502,0.658381,0.564676,0.560331,0.289314,0.600914,0.501977,0.507686,0.369258
0.135656,0.194853,0.500017,0.943837,0.614407,0.45621,0.473825,0.471254,0.742634,0.428453,0.63253,0.419617,0.65149,0.493167,0.52613,0.650452,0.456728,0.430661,0.54959,0.651295,0.578784,0.441629,0.591003,0.616765,0.619749,0.550274,0.499084,0.576286,0.537751,0.531247,0.365403,0.484707,0.604341,0.545088,0.511402,0.591124,0.461677,0.592005,0.619486,0.544085,0.607842,0.461646,0.660772,0.554162,0.546057,0.390917,0.57609,0.503908,0.514076,0.351414
0.0670476,0.0480788,0.485716,0.895383,0.604127,0.393941,0.44451,0.48701,0.732234,0.416144,0.63551,0.39103,0.650717,0.416396,0.554787,0.687414,0.483749,0.403537,0.465366,0.673028,0.576543,0.491659,0.613837,0.586371,0.611405,0.546078,0.547492,0.518198,0.620853,0.499539,0.377841,0.566154,0.528731,0.516082,0.548918,0.657941,0.51383,0.56427,0.622977,0.510679,0.607723,0.501095,0.683841,0.54803,0.552839,0.363186,0.577764,0.500757,0.513105,0.361117
0.11448,0.0950959,0.374134,0.888529,0.400887,0.449403,0.427473,0.501275,0.6519,0.19373,0.59673,0.50091,0.675275,0.493653,0.558382,0.662048,0.464385,0.467663,0.395651,0.651234,0.553145,0.436309,0.632348,0.622875,0.485498,0.601613,0.484978,0.49108,0.628979,0.666237,0.406623,0.491381,0.562193,0.504876,0.552816,0.660873,0.515347,0.543688,0.66242,0.51989,0.569235,0.481221,0.681178,0.690225,0.576327,0.422624,0.608442,0.508007,0.440741,0.354625
0.0603797,0.0394692,0.497416,0.895093,0.583623,0.416023,0.454279,0.504868,0.676049,0.438509,0.533601,0.429637,0.685917,0.429464,0.514029,0.626805,0.461965,0.470465,0.362507,0.652494,0.559049,0.375415,0.59048,0.602916,0.602079,0.513961,0.522174,0.55894,0.623775,0.517427,0.354768,0.53685,0.544285,0.507302,0.537658,0.640287,0.516833,0.554739,0.649169,0.51591,0.594639,0.49472,0.656591,0.550873,0.556621,0.42128,0.583017,0.518195,0.429361,0.373566
0.128753,0.188267,0.476984,0.957165,0.603618,0.503822,0.511188,0.416412,0.616508,0.497712,0.584598,0.477665,0.656603,0.422668,0.545025,0.601489,0.517434,0.475546,0.542602,0.667409,0.485444,0.483025,0.61078,0.592649,0.632884,0.648374,0.515847,0.507749,0.62042,0.482961,0.458247,0.541661,0.627422,0.568028,0.551969,0.685397,0.478446,0.574085,0.614882,0.525096,0.543194,0.463681,0.613579,0.539475,0.566108,0.519051,0.595394,0.45024,0.554442,0.348053
0.108746,0.19165,0.635765,0.911028,0.484482,0.452754,0.488181,0.443679,0.715798,0.444057,0.596902,0.43232,0.655747,0.434911,0.541,0.656754,0.467786,0.470047,0.524201,0.6564,0.58705,0.425029,0.61814,0.598418,0.594493,0.535699,0.528699,0.518933,0.617641,0.533234,0.36722,0.537284,0.58556,0.545885,0.476451,0.664487,0.566669,0.538668,0.621901,0.529538,0.565847,0.463881,0.605985,0.565903,0.559528,0.406559,0.574897,0.501936,0.490246,0.351307
0.0697988,0.0502464,0.492704,0.890677,0.597439,0.429742,0.403676,0.464239,0.739801,0.42926,0.612061,0.431386,0.667261,0.452912,0.495738,0.651449,0.46692,0.468491,0.377325,0.648882,0.577841,0.428771,0.602006,0.592521,0.612873,0.510316,0.546496,0.529288,0.615757,0.489221,0.404946,0.524831,0.523147,0.527064,0.561858,0.651464,0.502267,0.534978,0.649211,0.497464,0.600746,0.489272,0.672534,0.566677,0.534393,0.3468,0.567565,0.524402,0.51452,0.356348
0.0388384,0.0695077,0.517135,0.936598,0.56112,0.436923,0.388283,0.493934,0.688796,0.448644,0.625316,0.461471,0.654263,0.477965,0.543719,0.644327,0.409697,0.412673,0.454995,0.657929,0.612112,0.459019,0.627802,0.653492,0.559445,0.552514,0.520488,0.51337,0.635524,0.446761,0.400943,0.484986,0.468829,0.519063,0.532785,0.628813,0.541941,0.547978,0.596971,0.514751,0.585064,0.476476,0.651271,0.551177,0.561998,0.451571,0.594947,0.51943,0.483869,0.355738
0.0874343,0.129706,0.611088,0.888835,0.505392,0.455881,0.390681,0.530391,0.65415,0.474973,0.611859,0.424316,0.63209,0.418797,0.53139,0.660709,0.467062,0.460897,0.487969,0.671721,0.57956,0.44371,0.627068,0.599074,0.594183,0.534654,0.545536,0.516143,0.617715,0.50008,0.408576,0.515757,0.342045,0.513171,0.537052,0.617224,0.549144,0.554275,0.634396,0.518655,0.567772,0.480544,0.618947,0.54725,0.568731,0.472861,0.582299,0.496869,0.477748,0.360005
0.115533,0.20247,0.637567,0.909141,0.491683,0.459816,0.420862,0.494381,0.673172,0.47512,0.611462,0.420614,0.657897,0.436141,0.535773,0.661741,0.471437,0.46949,0.533323,0.660287,0.583478,0.424319,0.61589,0.598691,0.595185,0.536744,0.531747,0.522395,0.616483,0.513228,0.390046,0.516097,0.419582,0.520927,0.535414,0.651249,0.564603,0.553727,0.624644,0.519047,0.564085,0.466793,0.612706,0.557234,0.560396,0.449345,0.578769,0.49991,0.484224,0.352521
0.107476,0.175992,0.612846,0.910195,0.514582,0.443982,0.434786,0.537955,0.65148,0.471018,0.614049,0.442688,0.655207,0.430699,0.526557,0.665616,0.474955,0.48352,0.512097,0.663434,0.568195,0.418786,0.60381,0.603843,0.590793,0.523074,0.559914,0.520854,0.623351,0.507786,0.393414,0.512848,0.402205,0.519131,0.553878,0.65966,0.556394,0.553193,0.630523,0.521658,0.56843,0.487253,0.613277,0.56645,0.564455,0.479767,0.57408,0.525525,0.493404,0.342418
0.496963,0.0462994,0.245985,0.472357,0.902961,0.0642068,0.709241,0.748046,0.61559,0.386406,1,0.655793,0.919693,0.353059,0.363463,0.589684,0.308817,0.0588077,0.902158,0.624484,0.597738,0.0781024,0.810855,0.14942,0.787351,0.40108,0.37725,0.620574,0.947646,0.764868,0.353339,0.564504,0,0.92607,0.450177,0.680947,0.372812,0.249573,0.657888,0.322204,0.45503,0.244579,0.844167,0.484012,0.50179,0.456458,0.619158,0.758676,0.695541,0.411246
0.0475717,0.0701924,0.485499,0.939172,0.588917,0.446663,0.407114,0.444734,0.718613,0.44336,0.595798,0.431346,0.651359,0.487335,0.468533,0.677676,0.439887,0.438634,0.434547,0.65246,0.606369,0.469759,0.638523,0.628424,0.538823,0.556457,0.560747,0.540849,0.605836,0.533283,0.371088,0.529382,0.519977,0.544701,0.566839,0.641796,0.495837,0.556255,0.629614,0.515853,0.596991,0.473746,0.682372,0.553816,0.545745,0.402177,0.578619,0.506499,0.517914,0.368779
0.10932,0.191361,0.635476,0.910189,0.485264,0.451903,0.489251,0.444788,0.715549,0.444093,0.597692,0.431597,0.656936,0.434935,0.540416,0.657297,0.468225,0.469602,0.525193,0.656718,0.587497,0.42546,0.618766,0.598098,0.595053,0.53672,0.526632,0.520605,0.616785,0.532447,0.367059,0.537605,0.587405,0.543969,0.476859,0.665948,0.566903,0.538897,0.62114,0.528875,0.566431,0.464235,0.604998,0.566274,0.558906,0.405933,0.575953,0.501768,0.490403,0.350987
0.0886616,0.136995,0.624151,0.886065,0.493968,0.464779,0.37931,0.509807,0.652599,0.489063,0.61453,0.418379,0.654501,0.436242,0.528164,0.65591,0.472823,0.456575,0.482227,0.665087,0.582583,0.434677,0.623287,0.598184,0.590427,0.536915,0.532969,0.520396,0.619426,0.495931,0.392426,0.504302,0.345743,0.507911,0.56338,0.642436,0.565319,0.55224,0.625894,0.514009,0.562556,0.469522,0.613388,0.557725,0.56044,0.460873,0.580676,0.497011,0.490649,0.34897
0.105049,0.161723,0.595055,0.906645,0.52692,0.428149,0.432383,0.512436,0.683442,0.4571,0.627637,0.392643,0.662778,0.403651,0.534667,0.588936,0.472282,0.508203,0.496886,0.661875,0.595537,0.420384,0.625896,0.614454,0.587107,0.536026,0.527534,0.523477,0.618447,0.51795,0.382795,0.541196,0.415411,0.537635,0.526414,0.651279,0.550503,0.558135,0.62202,0.519298,0.559497,0.482875,0.636729,0.561458,0.549403,0.461674,0.579355,0.50821,0.471599,0.35177
0.199774,0.266547,0.41944,0.898177,0.151194,0.419163,0.470819,0.535799,0.760336,0.76333,0.605467,0.463523,0.669044,0.440978,0.521048,0.654391,0.473632,0.470152,0.542492,0.659131,0.573766,0.418026,0.609846,0.58665,0.60381,0.52887,0.516741,0.534764,0.585352,0.459086,0.349485,0.561662,0.479679,0.540948,0.502521,0.637337,0.565256,0.571662,0.632213,0.514484,0.572534,0.465012,0.605241,0.540736,0.562242,0.441438,0.599718,0.48857,0.474743,0.353313
0.0884495,0.216249,0.598322,0.978118,0.509237,0.443718,0.471199,0.509135,0.674709,0.458631,0.614205,0.416159,0.653725,0.438655,0.537652,0.659081,0.469282,0.475019,0.548295,0.655838,0.585179,0.425264,0.615893,0.598034,0.5911,0.536917,0.531374,0.516164,0.620307,0.520769,0.383869,0.525026,0.506805,0.531143,0.517285,0.649052,0.554736,0.554222,0.622672,0.5218,0.576529,0.468579,0.619514,0.553692,0.563367,0.499771,0.583511,0.51259,0.471427,0.350052
0.168646,0.226465,0.522617,0.896651,0.502562,0.443657,0.418121,0.503458,0.701117,0.463062,0.546481,0.419853,0.673755,0.455365,0.55037,0.642033,0.477282,0.471369,0.557501,0.687342,0.627828,0.441184,0.6444,0.622406,0.577689,0.532372,0.552559,0.487776,0.655491,0.824238,0.44599,0.31513,0.506596,0.47781,0.526573,0.657436,0.514609,0.520117,0.607033,0.501904,0.564363,0.499113,0.658872,0.576523,0.551477,0.395093,0.593184,0.513436,0.441941,0.356529
0.129741,0.226132,0.632949,0.915273,0.500948,0.457858,0.419775,0.491862,0.672785,0.475131,0.608391,0.422656,0.657646,0.43849,0.5374,0.66096,0.467642,0.476789,0.549794,0.656907,0.584382,0.423714,0.616339,0.599718,0.593329,0.536342,0.528286,0.520956,0.618785,0.508438,0.387656,0.515747,0.421116,0.519674,0.532977,0.647316,0.560663,0.549807,0.622739,0.517083,0.566215,0.468766,0.614396,0.558027,0.560643,0.451635,0.5778,0.501384,0.482302,0.351595
0.164333,0.247489,0.525454,0.897423,0.270536,0.456893,0.466271,0.441389,0.633969,0.125195,0.621499,0.413819,0.659972,0.444961,0.521713,0.669131,0.461878,0.478809,0.521526,0.661275,0.576823,0.414046,0.610693,0.606363,0.593828,0.540764,0.53338,0.520675,0.621135,0.490389,0.354781,0.545434,0.561913,0.543383,0.498852,0.669811,0.574623,0.541655,0.616636,0.542137,0.578613,0.467206,0.580857,0.366707,0.506236,0.420901,0.558362,0.508118,0.504618,0.340788
0.0551146,0.108041,0.519891,0.949686,0.558737,0.451235,0.444106,0.468908,0.706786,0.429512,0.577,0.437666,0.652643,0.445587,0.59908,0.678292,0.437853,0.479711,0.420164,0.689215,0.601414,0.453419,0.61654,0.597097,0.605946,0.513618,0.475154,0.511053,0.621635,0.525707,0.367957,0.569806,0.54693,0.533574,0.536488,0.646799,0.49881,0.552027,0.625483,0.508353,0.582908,0.473122,0.669379,0.55493,0.550929,0.403369,0.571113,0.521146,0.476982,0.356293
0.295354,0.186251,0.178261,0.846165,0.886307,0.253755,0.31731,0.253991,0.940477,0.425074,0.882671,0.244971,0.637253,0.520163,0.347361,0.832254,0.56352,0.368671,0.518885,0.739802,0.489428,0.490679,0.503613,0.585331,0.678823,0.512422,0.697926,0.494821,0.569693,0.569249,0.348271,0.488874,0.420978,0.580493,0.459394,0.647839,0.613537,0.620263,0.625249,0.506909,0.507105,0.434899,0.483543,0.552642,0.562842,0.543429,0.570957,0.543912,0.393895,0.356012
0.522039,0.771039,0.53298,0.917992,0.568854,0.457177,0.174953,0.757153,0.568813,0.393065,0.4045,0.321508,0.678157,0.422105,0.463283,0.648543,0.502121,0.365207,0.308717,0.63644,0.556036,0.393519,0.631051,0.567811,0.568572,0.513616,0.562116,0.556586,0.650491,0.582911,0.35457,0.624291,0.710638,0.551916,0.405881,0.697005,0.554427,0.537506,0.632404,0.512889,0.544164,0.474064,0.617509,0.58697,0.579554,0.539712,0.594594,0.458285,0.537238,0.319135
0.0544262,0.0429262,0.483964,0.911598,0.598563,0.402391,0.419002,0.46378,0.723582,0.433957,0.644349,0.458427,0.655557,0.502468,0.444596,0.622745,0.447255,0.471193,0.413087,0.660593,0.596584,0.445539,0.620413,0.609876,0.578168,0.515107,0.557361,0.52852,0.628061,0.492276,0.356361,0.498597,0.541298,0.520883,0.537668,0.636482,0.524737,0.538499,0.635887,0.516732,0.616968,0.483142,0.663226,0.555095,0.558378,0.389087,0.578987,0.484728,0.500288,0.358751
0.48538,0.714103,0.482059,0.961079,0.628729,0.396293,0.604238,0.494669,0.782899,0.340798,0.147376,0.336777,0.732878,0.458012,0.488833,0.6022,0.481449,0.336004,0.272216,0.781588,0.556618,0.272164,0.632687,0.587691,0.63642,0.549113,0.583331,0.571271,0.668416,0.49282,0.411098,0.586273,0.455201,0.506008,0.470501,0.679152,0.512597,0.547989,0.633896,0.529583,0.549215,0.497294,0.601793,0.549317,0.561672,0.643413,0.632453,0.482303,0.495386,0.284651
0.460381,0.717314,0.630453,0.915718,0.558867,0.501072,0.141421,0.767054,0.466896,0.603913,0.717828,0.370632,0.627717,0.4222,0.478257,0.652835,0.516518,0.406989,0.350373,0.693197,0.5899,0.458752,0.623223,0.589618,0.584137,0.541946,0.554261,0.511787,0.618406,0.560163,0.331418,0.551769,0.757376,0.5773,0.493786,0.644151,0.53834,0.532092,0.617693,0.538549,0.554348,0.45355,0.589995,0.583933,0.556678,0.36795,0.560037,0.527818,0.398778,0.389473
0.120382,0.210788,0.638382,0.911178,0.491479,0.460412,0.438114,0.488083,0.67999,0.471235,0.608494,0.418611,0.655732,0.443272,0.538267,0.660302,0.468092,0.471584,0.541378,0.656355,0.584837,0.423932,0.610762,0.600468,0.597101,0.535922,0.5293,0.52155,0.618353,0.518037,0.385946,0.519336,0.450853,0.526187,0.524592,0.653068,0.565441,0.552721,0.621268,0.521988,0.562074,0.468437,0.613386,0.557992,0.562573,0.443964,0.577057,0.504362,0.483314,0.352346
0.118672,0.192643,0.615004,0.909193,0.514563,0.442695,0.479668,0.501132,0.698492,0.453093,0.626523,0.396565,0.655622,0.434432,0.531067,0.650404,0.466068,0.483999,0.547753,0.666434,0.591125,0.427057,0.633295,0.597193,0.593294,0.544041,0.5131,0.53272,0.624527,0.52184,0.386194,0.542721,0.513435,0.527377,0.511702,0.662301,0.557487,0.551851,0.620546,0.520294,0.564421,0.472041,0.62139,0.563186,0.550963,0.438481,0.581597,0.504759,0.477623,0.348263
0.117435,0.0924908,0.425411,0.867657,0.476672,0.455118,0.418819,0.528321,0.691854,0.386796,0.604981,0.406996,0.678603,0.461991,0.529475,0.672336,0.451949,0.441774,0.447135,0.653261,0.615842,0.464165,0.646061,0.652475,0.55957,0.559512,0.56485,0.502029,0.615253,0.747976,0.422412,0.384121,0.483116,0.478805,0.582579,0.675393,0.484789,0.537046,0.618765,0.506871,0.564685,0.469098,0.679313,0.602289,0.561191,0.39743,0.584621,0.516172,0.486362,0.384035
0.12183,0.208345,0.635064,0.908321,0.49486,0.470826,0.43956,0.492604,0.680435,0.473069,0.611268,0.415589,0.654223,0.44507,0.539,0.659095,0.46721,0.471077,0.542035,0.654633,0.584702,0.423944,0.613994,0.601727,0.598034,0.53546,0.531167,0.523011,0.616714,0.519096,0.386716,0.52005,0.446688,0.525985,0.529417,0.6526,0.558616,0.554849,0.623186,0.520728,0.55712,0.466691,0.612474,0.558739,0.559363,0.44481,0.576694,0.504197,0.482778,0.351781
0.20326,0.119803,0.294573,0.867863,0.695808,0.331085,0.329395,0.40028,0.758614,0.367622,0.614071,0.362117,0.532827,0.21854,0.48474,0.272912,0.49861,0.618002,0.321786,0.121539,0.581782,0.473256,0.70161,0.551138,0.489258,0.376002,0.525374,0.672339,0.616113,0.497791,0.343267,0.534484,0.58248,0.476864,0.507873,0.671275,0.629535,0.489226,0.657719,0.445857,0.598066,0.427372,0.500137,0.489274,0.656935,0.405945,0.551422,0.520302,0.469106,0.353638
0.590813,0.934364,0.625782,0.96497,0.552958,0.50577,0.518708,0.629541,0.623599,0.504452,0.672493,0.399016,0.633577,0.445547,0.495191,0.632241,0.521343,0.364224,0.271687,0.678461,0.601244,0.450616,0.633159,0.590419,0.551915,0.52432,0.54049,0.528646,0.631473,0.528945,0.369226,0.528637,0.54079,0.536097,0.492818,0.656008,0.544747,0.561079,0.632228,0.545163,0.569826,0.480873,0.655944,0.541326,0.572505,0.415074,0.598228,0.451012,0.594952,0.275266
0.0902514,0.138722,0.623518,0.886846,0.49597,0.462148,0.381624,0.51413,0.653571,0.487171,0.617524,0.422521,0.658264,0.436157,0.525556,0.655449,0.476049,0.454144,0.486498,0.666943,0.577276,0.432025,0.624906,0.597658,0.596511,0.53873,0.520204,0.532171,0.607901,0.500593,0.384893,0.497379,0.34378,0.508753,0.550673,0.636437,0.561733,0.555353,0.627233,0.513668,0.564607,0.472682,0.610855,0.549393,0.561021,0.458971,0.59042,0.484848,0.48351,0.349518
0.0812966,0.0623668,0.500868,0.883961,0.595425,0.404328,0.44091,0.526174,0.663132,0.449701,0.555497,0.386114,0.682051,0.412785,0.535543,0.663103,0.449867,0.484756,0.383894,0.62697,0.582382,0.407853,0.614388,0.59928,0.579275,0.535056,0.501357,0.531415,0.629142,0.478911,0.379787,0.508651,0.488828,0.513056,0.589636,0.649142,0.522454,0.554413,0.635271,0.508836,0.605778,0.476477,0.676107,0.55576,0.557631,0.429695,0.560049,0.520957,0.44503,0.371428
0.519131,0.093117,0.332439,0.396249,0.760402,0.406506,0.791177,0.875699,0.658654,0.29752,0.132099,0.0874212,0.700802,0.504137,0.658555,0.484534,0.602678,0.4011,0.713214,0.784588,0.758974,0.627992,0.584685,0.795855,0.52818,0.564654,0.600711,0.0374931,0.328833,0.353697,0.173128,0.10335,0.416202,0.672561,0.763127,0.770756,0.671045,0.551222,0.79196,0.344981,0.83785,0.100567,0.525774,0.225956,0.990543,0.22944,0.626955,0.336305,0.580594,0.341003
0.118725,0.212039,0.638771,0.915247,0.488159,0.455743,0.465826,0.463442,0.699932,0.456573,0.604898,0.427158,0.65938,0.436652,0.539984,0.659165,0.470177,0.473997,0.540486,0.65597,0.586802,0.421494,0.615581,0.599189,0.593601,0.536608,0.529172,0.519377,0.615679,0.525653,0.378476,0.527745,0.527145,0.537168,0.496742,0.655239,0.566818,0.545599,0.623373,0.524981,0.564782,0.464522,0.608624,0.561316,0.561189,0.427835,0.577011,0.502026,0.485309,0.351659
0.209599,0.235928,0.312618,0.883346,0.108378,0.403784,0.50019,0.521615,0.710112,0.484368,0.63806,0.410065,0.650019,0.44454,0.503467,0.692942,0.453922,0.48689,0.505558,0.682534,0.587816,0.45947,0.608485,0.584893,0.611601,0.54283,0.543808,0.545283,0.613282,0.446311,0.357534,0.587176,0.556569,0.528304,0.509292,0.638033,0.534089,0.580515,0.625958,0.508591,0.583377,0.470237,0.664604,0.630698,0.579505,0.426527,0.578437,0.486614,0.497893,0.356705
0.569169,0.93017,0.682367,0.962541,0.509328,0.418561,0.45071,0.645051,0.624011,0.494167,0.657837,0.402909,0.639912,0.435217,0.489823,0.63095,0.477459,0.370759,0.255695,0.676008,0.585485,0.458299,0.631371,0.596648,0.585412,0.535745,0.545871,0.522006,0.620493,0.530151,0.373473,0.513933,0.57339,0.53406,0.516015,0.655861,0.54875,0.565242,0.641972,0.523265,0.557143,0.478225,0.628872,0.55276,0.564893,0.416543,0.613244,0.446988,0.618523,0.273629
0.102033,0.082141,0.438242,0.898524,0.561667,0.408714,0.475702,0.414587,0.614175,0.468139,0.585197,0.475065,0.595621,0.512613,0.651448,0.647969,0.650551,0.393264,0.485583,0.745604,0.69925,0.455447,0.724326,0.635245,0.555797,0.512587,0.440181,0.522211,0.766766,0.694455,0.387316,0.330232,0.583713,0.6144,0.524796,0.605882,0.849451,0.989501,0.833483,0.277577,0.579476,0.549036,0.429249,0.544924,0.551843,0.286061,0.554211,0.577346,0.455609,0.204475
0.0892662,0.202052,0.569021,0.975317,0.53224,0.482742,0.475342,0.501566,0.683245,0.456933,0.599079,0.422888,0.66558,0.42599,0.526263,0.664386,0.466147,0.472217,0.536483,0.662171,0.590536,0.427788,0.615313,0.599431,0.583081,0.537729,0.533852,0.520014,0.622324,0.525328,0.377118,0.53122,0.525977,0.530212,0.530117,0.644646,0.504691,0.560466,0.628296,0.516995,0.562597,0.466502,0.616685,0.550333,0.563008,0.478284,0.57956,0.514378,0.467207,0.345216
0.110272,0.154088,0.576919,0.901814,0.543857,0.410011,0.504186,0.489719,0.674357,0.45553,0.608304,0.421434,0.67318,0.438355,0.536073,0.706849,0.458442,0.502913,0.474534,0.648396,0.588554,0.424814,0.622936,0.613754,0.601857,0.545751,0.491803,0.50977,0.629309,0.507904,0.387904,0.5447,0.572324,0.526943,0.522422,0.667716,0.53893,0.553761,0.616956,0.525828,0.583898,0.481925,0.651779,0.562908,0.558286,0.426288,0.572568,0.496596,0.499127,0.350377
0.0535921,0.037076,0.486559,0.90813,0.595576,0.390864,0.432741,0.456567,0.72592,0.437574,0.667578,0.435979,0.666179,0.481803,0.434127,0.59394,0.471009,0.475655,0.408089,0.682957,0.58452,0.418659,0.601246,0.558813,0.624489,0.478852,0.543947,0.523601,0.622979,0.532395,0.373832,0.544466,0.532855,0.539177,0.564907,0.645651,0.531262,0.543617,0.657462,0.517768,0.616943,0.466246,0.67412,0.541745,0.557408,0.38998,0.594537,0.49189,0.521304,0.368826
0.0987197,0.10954,0.350875,0.912119,0.178047,0.421233,0.478986,0.498487,0.724005,0.751077,0.59463,0.459537,0.628313,0.466274,0.582405,0.657998,0.576918,0.41788,0.433814,0.678075,0.647016,0.430946,0.649651,0.591767,0.566469,0.543627,0.514233,0.533522,0.65789,0.468752,0.365435,0.552024,0.500162,0.56342,0.496431,0.637038,0.59921,0.636817,0.652232,0.507778,0.572132,0.483533,0.585059,0.537653,0.579483,0.459654,0.564603,0.516634,0.486016,0.350278
0.386959,0.477427,0.340074,0.922373,0.743848,0.720606,0.452138,0.544468,0.70069,0.471056,0.801063,0.512058,0.716826,0.393004,0.606135,0.651849,0.328662,0.197049,0.445339,0.611716,0.685403,0.44168,0.636668,0.860822,0.687958,0.611961,0.741302,0.542764,0.526179,0.593045,0.484948,0.648971,0.577388,0.576388,0.453188,0.720974,0.764637,0.604355,0.540566,0.492702,0.607617,0.461559,0.713916,0.495574,0.545028,0.538735,0.595215,0.464189,0.331094,0.422026
0.129206,0.210668,0.617165,0.907676,0.509911,0.464817,0.419018,0.478853,0.647858,0.496056,0.603572,0.419941,0.655456,0.440623,0.541929,0.659163,0.466918,0.481425,0.538076,0.664414,0.567937,0.425931,0.635868,0.600674,0.601987,0.542408,0.527788,0.513939,0.61826,0.502898,0.391327,0.519432,0.410103,0.517657,0.534738,0.652123,0.539244,0.554648,0.627334,0.519481,0.566731,0.467994,0.619721,0.556522,0.55721,0.470287,0.572545,0.482973,0.504096,0.349524
0.117068,0.198406,0.630039,0.907442,0.498718,0.449111,0.430982,0.48997,0.660848,0.479648,0.608723,0.420971,0.660493,0.437739,0.534303,0.668671,0.470154,0.472522,0.528886,0.654125,0.591622,0.428217,0.616357,0.606291,0.590123,0.536311,0.528233,0.524416,0.621774,0.519418,0.390569,0.516173,0.432313,0.521834,0.532357,0.650694,0.569347,0.572224,0.633764,0.517078,0.56751,0.470095,0.614975,0.556826,0.559942,0.450136,0.577374,0.49815,0.485909,0.347155
0.102702,0.195789,0.619705,0.931552,0.496192,0.443304,0.496048,0.467861,0.70793,0.439393,0.597822,0.429174,0.648748,0.425587,0.536867,0.655416,0.467004,0.474143,0.534486,0.650583,0.589325,0.430808,0.625467,0.597594,0.594152,0.530375,0.536787,0.507667,0.617878,0.5309,0.377177,0.541336,0.579095,0.547124,0.46703,0.640708,0.559092,0.550115,0.628855,0.535738,0.564005,0.467324,0.618639,0.564578,0.551292,0.437013,0.583936,0.507328,0.483954,0.348722
0.27304,0.314393,0.293046,0.876014,0.108093,0.394425,0.440837,0.470434,0.682421,0.38915,0.657146,0.407954,0.659101,0.453258,0.507452,0.695226,0.436151,0.445688,0.546468,0.660487,0.591881,0.424316,0.60405,0.592173,0.556601,0.57652,0.543114,0.527011,0.591504,0.432098,0.378246,0.544699,0.544217,0.529928,0.574476,0.654895,0.571738,0.574906,0.634593,0.534805,0.596552,0.489062,0.652246,0.458134,0.521356,0.412271,0.568174,0.486496,0.538078,0.352886
0.0827843,0.0583241,0.448595,0.901464,0.634664,0.434921,0.424949,0.478235,0.725142,0.431758,0.581231,0.451241,0.662028,0.486452,0.46453,0.670854,0.467442,0.496744,0.387462,0.686009,0.572135,0.426467,0.60888,0.584139,0.634714,0.552858,0.569018,0.522182,0.667147,0.438891,0.327715,0.441964,0.562819,0.513315,0.535694,0.616292,0.468692,0.551836,0.607913,0.51432,0.600147,0.493804,0.687063,0.56374,0.543876,0.35545,0.575621,0.507623,0.486762,0.361316
0.12288,0.219261,0.565325,0.954999,0.552342,0.428603,0.452233,0.4938,0.666277,0.450007,0.61075,0.457625,0.6218,0.446063,0.587433,0.653625,0.536666,0.477324,0.541167,0.638382,0.622617,0.439277,0.606541,0.583478,0.598603,0.522467,0.542418,0.538146,0.626489,0.449942,0.419236,0.517496,0.489027,0.541015,0.508757,0.680677,0.549806,0.530627,0.599285,0.514291,0.565909,0.504883,0.641313,0.536199,0.578589,0.484379,0.569337,0.519818,0.49414,0.364716
0.136332,0.148785,0.464824,0.909988,0.622882,0.47217,0.496505,0.458057,0.648014,0.469058,0.50345,0.39937,0.656255,0.454735,0.588817,0.648318,0.514153,0.453354,0.506521,0.69342,0.600852,0.437692,0.674851,0.614556,0.630563,0.529222,0.537507,0.520425,0.635148,0.504797,0.366438,0.52161,0.569804,0.566447,0.546116,0.644489,0.460366,0.613622,0.654169,0.479755,0.578336,0.490869,0.648545,0.537895,0.555463,0.404717,0.547981,0.489929,0.4676,0.339401
0.255544,0.275426,0.357863,0.903701,0.695953,0.379156,0.335512,0.510712,0.623166,0.395794,0.640185,0.491944,0.559563,0.366114,0.959438,0.546363,0.33592,0.487837,0.515135,0.947829,0.686016,0.63993,0.504915,0.549548,0.737378,0.410671,0.518648,0.606781,0.624326,0.609976,0.214569,0.738554,0.353901,0.453623,0.443896,0.653967,0.55028,0.576357,0.573099,0.462994,0.472902,0.391826,0.68715,0.510623,0.564268,0.369007,0.546889,0.486759,0.504222,0.361391
0.273146,0.175194,0.166585,0.854724,0.471441,0.304527,0.36439,0.44103,0.885053,0.64179,0.649832,0.559495,0.36724,0.50857,0.114671,0.713616,0.403228,0.465072,0.585807,0.768311,0.623849,0.482966,0.550318,0.603752,0.650788,0.550232,0.558911,0.503832,0.709894,0.325394,0.118302,0.231927,0.450014,0.607504,0.534146,0.821977,0.540384,0.512571,0.536395,0.572855,0.61307,0.503409,0.46381,0.696086,0.542433,0.502298,0.591897,0.487772,0.46161,0.285385
0.0974631,0.167175,0.571953,0.934813,0.523586,0.406178,0.511329,0.437911,0.569142,0.528383,0.58946,0.4017,0.656575,0.435306,0.514382,0.668003,0.44548,0.471532,0.502897,0.642676,0.57503,0.434379,0.596962,0.608317,0.604423,0.53157,0.53053,0.51863,0.617703,0.528779,0.3844,0.527215,0.518467,0.536384,0.502833,0.660933,0.54391,0.558221,0.625944,0.520434,0.58535,0.481003,0.635727,0.562007,0.56277,0.52991,0.561362,0.4532,0.532432,0.346519
0.111035,0.109445,0.390826,0.906753,0.393942,0.424478,0.411928,0.548228,0.710624,0.578533,0.605108,0.538799,0.637645,0.471699,0.534622,0.63741,0.419537,0.427314,0.471183,0.667058,0.61869,0.447744,0.622136,0.603367,0.613894,0.479428,0.481489,0.489552,0.644653,0.608611,0.397949,0.491166,0.462664,0.530599,0.648118,0.707123,0.529507,0.550764,0.601118,0.529195,0.596206,0.463722,0.639291,0.609239,0.557941,0.452878,0.628315,0.516718,0.474157,0.353753
0.116304,0.206587,0.635809,0.914651,0.488275,0.46,0.477006,0.454207,0.706036,0.453161,0.602896,0.4297,0.660827,0.433851,0.539825,0.657609,0.46927,0.472838,0.535386,0.65872,0.586703,0.423618,0.616056,0.599464,0.588964,0.533734,0.52742,0.519545,0.615985,0.528155,0.374998,0.531329,0.558721,0.540836,0.486552,0.658474,0.561448,0.544869,0.624008,0.526926,0.56244,0.462645,0.608006,0.560758,0.562086,0.420186,0.576714,0.500945,0.489202,0.348884
0.0883778,0.137417,0.624674,0.886524,0.49324,0.465594,0.378221,0.508444,0.653021,0.489594,0.615612,0.41939,0.654362,0.437071,0.527941,0.6566,0.472048,0.455648,0.482036,0.665039,0.581253,0.433216,0.623504,0.597162,0.591433,0.536878,0.530874,0.523843,0.620528,0.49779,0.392367,0.504342,0.34584,0.507624,0.562178,0.641373,0.565543,0.552896,0.626108,0.514637,0.562597,0.470138,0.61272,0.556524,0.560972,0.460779,0.581312,0.495699,0.490107,0.349145
0.530295,0.866421,0.683428,0.948093,0.514747,0.437274,0.317212,0.70887,0.561358,0.541576,0.684567,0.381479,0.633378,0.435158,0.485358,0.639187,0.488388,0.379669,0.267922,0.68649,0.589219,0.463189,0.625873,0.590221,0.578867,0.535352,0.550198,0.51755,0.616533,0.541258,0.353378,0.536419,0.66867,0.54674,0.523584,0.657038,0.529508,0.55938,0.634903,0.521267,0.568242,0.48201,0.637763,0.548265,0.56691,0.540182,0.605855,0.466535,0.526303,0.267358
0.104359,0.152361,0.60533,0.892722,0.509204,0.497745,0.454399,0.494177,0.636016,0.50175,0.619628,0.409467,0.658067,0.442435,0.522531,0.659464,0.455474,0.449313,0.495106,0.638972,0.593088,0.419978,0.588927,0.600164,0.626885,0.550183,0.520573,0.538425,0.597282,0.529036,0.381936,0.494177,0.427823,0.521391,0.538025,0.620599,0.518954,0.576629,0.632216,0.533797,0.554173,0.46124,0.591103,0.563086,0.567095,0.463184,0.562906,0.49699,0.498992,0.345768
0.111194,0.186926,0.631607,0.909489,0.489967,0.449201,0.496342,0.464417,0.713558,0.437887,0.595732,0.439859,0.611697,0.417781,0.517413,0.66868,0.459739,0.463346,0.532433,0.667139,0.581614,0.406687,0.612842,0.609768,0.598265,0.533718,0.524681,0.515755,0.61721,0.542509,0.380037,0.538559,0.570367,0.547392,0.460534,0.646289,0.565269,0.539105,0.632977,0.526182,0.55516,0.462743,0.627287,0.549311,0.574827,0.417765,0.567084,0.496598,0.480045,0.360697
0.155287,0.2242,0.495318,0.903647,0.311112,0.45317,0.487174,0.496951,0.638639,0.0956642,0.582531,0.374171,0.667152,0.449751,0.528752,0.654751,0.472837,0.467888,0.529547,0.668201,0.58426,0.418315,0.621645,0.605697,0.59024,0.543163,0.539496,0.503268,0.604176,0.459187,0.361492,0.551169,0.550503,0.554852,0.489748,0.660013,0.539217,0.565118,0.625611,0.50711,0.575841,0.463896,0.644392,0.66179,0.574053,0.42476,0.583409,0.513924,0.43956,0.352188
0.110323,0.190201,0.635836,0.904537,0.492025,0.46126,0.409562,0.499844,0.666846,0.479662,0.614526,0.419671,0.657773,0.43645,0.534748,0.660937,0.471715,0.467365,0.522538,0.660169,0.58297,0.426512,0.617837,0.598778,0.593541,0.537556,0.532213,0.522429,0.616401,0.509397,0.392973,0.513763,0.396972,0.51691,0.542335,0.649479,0.564449,0.554843,0.626007,0.517655,0.563079,0.467047,0.614042,0.555603,0.560953,0.452719,0.579519,0.49847,0.486081,0.352985
0.100882,0.0713103,0.412964,0.872392,0.462163,0.425643,0.444459,0.539947,0.726262,0.427246,0.502286,0.383373,0.691076,0.404503,0.568682,0.653468,0.480311,0.439568,0.417514,0.677824,0.590234,0.445331,0.64199,0.614058,0.584488,0.52493,0.542259,0.483393,0.644236,0.827998,0.446474,0.350053,0.547217,0.483344,0.538453,0.690099,0.483805,0.489033,0.594947,0.523851,0.572381,0.482957,0.680876,0.548845,0.530227,0.396764,0.578238,0.517743,0.426703,0.38861
0.278732,0.223623,0.211091,0.884021,0.736092,0.715912,0.58537,0.220315,0.481526,0.670398,0.734393,0.39292,0.712779,0.290835,0.53424,0.689466,0.491334,0.270472,0.612581,0.821274,0.281403,0.422569,0.69546,0.688844,0.356745,0.347947,0.531164,0.430174,0.60345,0.409361,0.391793,0.565903,0.451585,0.504615,0.41853,0.718673,0.628695,0.514278,0.547161,0.559302,0.612661,0.473162,0.641289,0.565792,0.550514,0.385726,0.617522,0.547775,0.389129,0.342163
0.0855546,0.12823,0.603174,0.894839,0.509495,0.438457,0.412529,0.513043,0.597412,0.511467,0.612634,0.409227,0.662714,0.423554,0.515124,0.674432,0.453201,0.449635,0.462298,0.638275,0.61018,0.433628,0.566697,0.599363,0.577154,0.53276,0.529316,0.524629,0.627246,0.506407,0.391776,0.500728,0.353035,0.5084,0.565874,0.634383,0.56257,0.563352,0.625359,0.517058,0.567639,0.482725,0.618183,0.561169,0.567685,0.494739,0.57633,0.493113,0.490374,0.347138
0.091574,0.0683931,0.441458,0.900805,0.638688,0.517591,0.462036,0.462865,0.732098,0.449395,0.647886,0.40427,0.645605,0.482071,0.518966,0.685379,0.451903,0.378742,0.45974,0.610497,0.597349,0.443583,0.637763,0.635862,0.597021,0.553621,0.555754,0.525138,0.60433,0.515989,0.374687,0.551088,0.580596,0.524149,0.605647,0.626476,0.431845,0.562896,0.621796,0.51568,0.567852,0.48218,0.642543,0.562226,0.548629,0.347557,0.575063,0.492757,0.513847,0.346422
0.159142,0.228962,0.503372,0.898968,0.291338,0.479332,0.497737,0.460556,0.613938,0.129051,0.631341,0.38899,0.655791,0.467376,0.528181,0.661205,0.449088,0.465393,0.520305,0.640886,0.576277,0.423146,0.591462,0.604629,0.598538,0.526842,0.527575,0.526337,0.613434,0.50495,0.375839,0.549448,0.55705,0.553493,0.482655,0.663723,0.538354,0.563367,0.62706,0.524484,0.550941,0.482601,0.627056,0.661831,0.58857,0.447331,0.582907,0.502742,0.484459,0.349351
0.203212,0.152867,0.358131,0.859919,0.680887,0.382573,0.342081,0.483465,0.661959,0.349092,0.599802,0.570598,0.562199,0.413548,0.929611,0.537791,0.272913,0.438277,0.532116,0.964513,0.725,0.643196,0.526333,0.498968,0.700595,0.452669,0.541634,0.593989,0.611069,0.544769,0.198251,0.658005,0.488173,0.435809,0.372071,0.657474,0.602377,0.541886,0.609106,0.464343,0.434266,0.398948,0.688144,0.51707,0.583923,0.360323,0.523313,0.504492,0.496755,0.375889
0.120377,0.214522,0.63967,0.914322,0.489967,0.456903,0.444645,0.479333,0.686041,0.46636,0.608911,0.424449,0.658814,0.437889,0.537467,0.661733,0.470678,0.473379,0.544586,0.658769,0.584909,0.423573,0.61494,0.598205,0.594823,0.537294,0.530566,0.519602,0.616454,0.519216,0.384723,0.521436,0.473663,0.529516,0.513783,0.653353,0.565468,0.549636,0.623563,0.523095,0.564637,0.465327,0.611894,0.558912,0.560789,0.441251,0.577576,0.501131,0.484113,0.351014
0.0840199,0.0505156,0.440813,0.876233,0.488435,0.393794,0.457756,0.530099,0.710199,0.520017,0.62652,0.45886,0.678499,0.453758,0.523589,0.666085,0.41976,0.46351,0.419502,0.667219,0.611293,0.454482,0.641139,0.606552,0.601869,0.566564,0.485423,0.497819,0.681227,0.507129,0.384145,0.384327,0.548519,0.486508,0.467162,0.657187,0.513962,0.508262,0.598879,0.526773,0.584232,0.487381,0.661969,0.581056,0.558887,0.433015,0.580547,0.505346,0.474266,0.35942
0.112456,0.205042,0.583976,0.94639,0.537124,0.423032,0.451166,0.497395,0.681443,0.454443,0.626357,0.45804,0.661168,0.467382,0.538239,0.641658,0.443259,0.460322,0.554958,0.667779,0.586703,0.397162,0.626872,0.545349,0.571416,0.566437,0.523212,0.501375,0.580708,0.472959,0.343491,0.46233,0.521907,0.511591,0.493425,0.66111,0.579036,0.537883,0.655472,0.535051,0.562603,0.5114,0.620495,0.544655,0.567432,0.473003,0.585229,0.481671,0.449992,0.343989
0.109035,0.191851,0.635967,0.910775,0.484218,0.452281,0.488636,0.441936,0.71317,0.445843,0.596528,0.432093,0.656902,0.435093,0.540663,0.657484,0.466746,0.469411,0.522622,0.654621,0.588337,0.424489,0.614465,0.598276,0.593787,0.53527,0.528274,0.519436,0.618225,0.534292,0.366089,0.536527,0.585416,0.546165,0.47765,0.66514,0.567285,0.539109,0.621571,0.529603,0.565965,0.463763,0.605969,0.565825,0.560488,0.406863,0.574605,0.501388,0.491017,0.351509
0.0883238,0.137446,0.624615,0.886619,0.493305,0.465368,0.37809,0.508572,0.653193,0.489389,0.61575,0.419697,0.654569,0.436613,0.528022,0.656779,0.472085,0.456008,0.482027,0.665215,0.581041,0.433394,0.623995,0.597264,0.591489,0.537011,0.531374,0.523918,0.62109,0.497734,0.39257,0.504517,0.345755,0.507862,0.562456,0.641366,0.565684,0.552666,0.626398,0.515045,0.562427,0.470658,0.612939,0.556523,0.561209,0.460896,0.580882,0.496013,0.490264,0.349076
0.433338,0.646118,0.58823,0.901954,0.603223,0.476945,0.0765465,0.790986,0.481147,0.579182,0.58157,0.329384,0.651765,0.437626,0.480003,0.660446,0.51702,0.417599,0.379939,0.711831,0.564326,0.408635,0.611385,0.581904,0.570488,0.522162,0.530795,0.530202,0.643087,0.551321,0.354461,0.59239,0.734587,0.575776,0.413244,0.644727,0.597687,0.499798,0.619097,0.557563,0.544569,0.464074,0.57007,0.592418,0.546163,0.338549,0.565018,0.519494,0.437134,0.410683
0.120704,0.206259,0.544013,0.957689,0.567061,0.414931,0.442532,0.52143,0.678957,0.432636,0.599967,0.489037,0.647736,0.46133,0.486945,0.59807,0.458951,0.450232,0.5907,0.572527,0.581501,0.46222,0.622216,0.542446,0.6213,0.505507,0.525551,0.4836,0.658839,0.451421,0.339273,0.472921,0.519256,0.511057,0.515077,0.600573,0.57425,0.531897,0.583959,0.505565,0.584813,0.486823,0.620171,0.545324,0.574268,0.483074,0.588791,0.525773,0.45753,0.329215
0.133036,0.233505,0.623873,0.923762,0.510284,0.450896,0.434148,0.49088,0.679119,0.466107,0.606211,0.431674,0.657671,0.43628,0.547784,0.663154,0.47249,0.487289,0.547759,0.655802,0.578577,0.421429,0.610069,0.600447,0.596549,0.536002,0.533694,0.521716,0.613923,0.496796,0.416516,0.519484,0.457373,0.534685,0.536288,0.661323,0.565238,0.541995,0.620395,0.517346,0.565214,0.483038,0.61781,0.556601,0.564139,0.449031,0.57666,0.512546,0.485437,0.34719
0.11539,0.201653,0.637928,0.908414,0.491185,0.459076,0.421138,0.49334,0.67064,0.476746,0.611853,0.4202,0.658006,0.435445,0.534733,0.662436,0.47027,0.468836,0.531428,0.658582,0.584852,0.424282,0.613316,0.598657,0.594672,0.536975,0.532641,0.522373,0.617047,0.513598,0.390119,0.515665,0.418327,0.520591,0.536264,0.651357,0.565237,0.554103,0.624212,0.519778,0.563866,0.466874,0.612864,0.557407,0.561279,0.449469,0.578422,0.499335,0.485158,0.352388
0.19512,0.105621,0.300293,0.859601,0.72036,0.284469,0.368241,0.307168,0.770966,0.478974,0.815186,0.234957,0.588478,0.365986,0.400142,0.294256,0.489948,0.745174,0.264421,0.686242,0.629821,0.309019,0.549853,0.623996,0.571749,0.512032,0.52679,0.604629,0.642938,0.554277,0.40673,0.579505,0.53467,0.511939,0.505355,0.643932,0.586192,0.501368,0.751611,0.504933,0.590351,0.421832,0.532556,0.512355,0.624989,0.466016,0.60595,0.529623,0.455433,0.373054
0.10702,0.191266,0.631317,0.91613,0.488192,0.450751,0.494373,0.452254,0.710675,0.44478,0.597484,0.432522,0.65718,0.442387,0.538753,0.654446,0.474033,0.467757,0.524678,0.654984,0.590947,0.420973,0.61263,0.597121,0.593657,0.528536,0.530916,0.512859,0.608865,0.524824,0.374118,0.538488,0.591524,0.538224,0.473037,0.666628,0.563181,0.531804,0.623978,0.514955,0.567996,0.452169,0.608319,0.573002,0.546045,0.41817,0.579327,0.50825,0.491471,0.347457
0.240333,0.315866,0.377821,0.884833,0.0563097,0.443017,0.426643,0.50843,0.687529,0.46235,0.621596,0.426826,0.661235,0.442754,0.523977,0.667382,0.463411,0.477773,0.538447,0.65433,0.579227,0.421325,0.613779,0.594176,0.593235,0.539958,0.528896,0.530244,0.609702,0.422429,0.367967,0.562514,0.435023,0.536276,0.521686,0.63866,0.559133,0.562257,0.633345,0.506077,0.568844,0.467705,0.624916,0.655718,0.584134,0.453557,0.584804,0.498876,0.476056,0.354602
0.343705,0.224373,0.0876913,0.841097,0.868123,0.397114,0.225558,0.385009,0.839324,0.359927,0.666063,0.357464,0.577751,0.459348,0.356852,0.767067,0.502777,0.685752,0.26391,0.51199,0.639585,0.578067,0.59293,0.503242,0.7125,0.46539,0.481796,0.528211,0.557359,0.76937,0.525489,0.351767,0.489124,0.599407,0.46752,0.817563,0.607494,0.516963,0.606002,0.501947,0.512848,0.425025,0.519045,0.52259,0.59534,0.654537,0.598387,0.436486,0.500625,0.37539
0.113243,0.202319,0.638365,0.913755,0.48475,0.453303,0.480498,0.451761,0.711155,0.448259,0.600291,0.430003,0.658874,0.436698,0.540929,0.657423,0.468772,0.471175,0.530862,0.655859,0.587973,0.423488,0.615731,0.599276,0.593478,0.535906,0.528755,0.519146,0.617095,0.531651,0.370858,0.534262,0.568593,0.542778,0.480415,0.660772,0.567205,0.542019,0.623189,0.527305,0.564897,0.463639,0.608751,0.562739,0.560686,0.414006,0.57675,0.501503,0.488464,0.350242
0.119577,0.214579,0.638516,0.916523,0.489104,0.456186,0.45966,0.467944,0.695231,0.459691,0.605608,0.42607,0.658475,0.43716,0.540741,0.659449,0.472969,0.473652,0.54361,0.655603,0.587545,0.421282,0.616387,0.599435,0.5929,0.536502,0.528787,0.520302,0.617218,0.524083,0.380522,0.524772,0.510595,0.535209,0.501067,0.655032,0.567349,0.550194,0.625788,0.52353,0.565085,0.464906,0.608861,0.559908,0.561136,0.433102,0.577151,0.502482,0.483505,0.350592
0.164139,0.18436,0.392228,0.908498,0.488325,0.556554,0.469494,0.496117,0.680963,0.420217,0.648786,0.420563,0.650249,0.468138,0.553139,0.691631,0.472728,0.495532,0.460724,0.626442,0.591248,0.445967,0.627408,0.589461,0.588565,0.525498,0.521987,0.512504,0.629892,0.580542,0.41232,0.459155,0.531744,0.5279,0.584801,0.629659,0.387504,0.555157,0.63455,0.511864,0.555672,0.471176,0.628371,0.635668,0.577031,0.40692,0.58061,0.481526,0.493541,0.349427
0.267456,0.211602,0.240952,0.870568,0.722925,0.936306,0.568309,0.48018,0.636345,0.514584,0.680826,0.470337,0.682437,0.366944,0.477896,0.650257,0.458394,0.46405,0.397439,0.600963,0.711773,0.35593,0.640841,0.60874,0.902597,0.674034,0.6609,0.513043,0.575384,0.60497,0.303706,0.550366,0.438152,0.514058,0.398481,0.661853,0.772937,0.553552,0.626452,0.523335,0.663195,0.481061,0.678063,0.593435,0.529899,0.400843,0.562895,0.531196,0.476928,0.33487
0.119404,0.208225,0.63204,0.913147,0.49659,0.451866,0.44385,0.492424,0.684202,0.459653,0.604862,0.42388,0.653938,0.427862,0.547332,0.658907,0.468828,0.477445,0.544927,0.648303,0.586541,0.440638,0.622694,0.593407,0.595054,0.52969,0.543826,0.518049,0.61405,0.516458,0.382181,0.525081,0.457607,0.530467,0.509572,0.643667,0.554538,0.551573,0.625931,0.527916,0.570925,0.474726,0.606622,0.562216,0.557697,0.451335,0.579495,0.506742,0.481939,0.356137
0.117975,0.206108,0.629955,0.915566,0.49668,0.449299,0.481193,0.480709,0.69897,0.449137,0.603878,0.42327,0.65585,0.432823,0.5507,0.65636,0.46561,0.480176,0.544173,0.658169,0.58829,0.435129,0.618613,0.601131,0.591911,0.53467,0.543004,0.512216,0.616611,0.526088,0.380298,0.534451,0.526478,0.543839,0.47964,0.641499,0.548169,0.544386,0.630086,0.537153,0.576348,0.478596,0.598181,0.566659,0.558285,0.438611,0.582705,0.507866,0.479201,0.35483
0.07873,0.0476574,0.497554,0.873093,0.599936,0.438061,0.427317,0.484276,0.735572,0.428272,0.619744,0.442582,0.677983,0.460106,0.527786,0.710347,0.461796,0.484732,0.36163,0.654334,0.570461,0.423932,0.636634,0.60458,0.596115,0.557532,0.51502,0.522526,0.613186,0.496695,0.367656,0.503563,0.525834,0.532533,0.546978,0.633793,0.491643,0.554784,0.62958,0.506418,0.589052,0.489628,0.67668,0.559959,0.536512,0.341207,0.581759,0.51082,0.507941,0.360728
0.577375,0.894873,0.575318,0.977626,0.574768,0.375693,0.696922,0.417419,0.775743,0.375243,0.621736,0.474232,0.642005,0.446196,0.551002,0.60464,0.468253,0.390893,0.246734,0.653538,0.608452,0.438349,0.623191,0.58883,0.60393,0.541464,0.518585,0.536513,0.620045,0.452569,0.398199,0.476933,0.382455,0.509931,0.584693,0.628774,0.519349,0.548485,0.623791,0.549521,0.58942,0.456037,0.619084,0.593344,0.552522,0.301376,0.538545,0.539751,0.489472,0.416075
0.0885758,0.137263,0.624565,0.886167,0.493487,0.46534,0.378581,0.509008,0.653075,0.489303,0.615132,0.418838,0.654544,0.436756,0.52812,0.656219,0.472549,0.456176,0.48208,0.665233,0.581671,0.433776,0.623643,0.597841,0.591082,0.537058,0.531516,0.522451,0.619965,0.496863,0.391827,0.50384,0.34584,0.507804,0.562984,0.642054,0.565733,0.55276,0.625787,0.514396,0.56238,0.469458,0.613372,0.556771,0.560887,0.460726,0.581013,0.496025,0.490262,0.349208
0.189548,0.25869,0.412832,0.917298,0.273063,0.42875,0.460954,0.411931,0.602543,0.297245,0.580279,0.431053,0.632923,0.42924,0.530836,0.628937,0.497283,0.467491,0.561623,0.582324,0.5016,0.48905,0.641535,0.57202,0.607162,0.593996,0.518572,0.494256,0.649576,0.573787,0.394305,0.554859,0.544563,0.526098,0.480677,0.653837,0.540062,0.535249,0.646725,0.517283,0.577988,0.453627,0.656305,0.676411,0.570805,0.515436,0.573007,0.441159,0.511839,0.352408
0.11776,0.197555,0.612513,0.917869,0.516831,0.435656,0.484766,0.511662,0.68832,0.447524,0.613354,0.442889,0.662291,0.442302,0.552694,0.680286,0.48109,0.512879,0.506894,0.651126,0.562765,0.408043,0.616629,0.614184,0.583787,0.536649,0.54128,0.525764,0.624425,0.522078,0.367385,0.522079,0.525244,0.525952,0.507301,0.651279,0.558849,0.563965,0.617412,0.522594,0.56951,0.46508,0.62957,0.55614,0.562902,0.4486,0.584776,0.515182,0.481368,0.348371
0.135005,0.23536,0.631791,0.91807,0.503357,0.456703,0.426484,0.4859,0.676139,0.472908,0.607362,0.422884,0.657263,0.437664,0.538997,0.659461,0.467808,0.480235,0.556348,0.653644,0.584442,0.421745,0.616945,0.599539,0.591747,0.535642,0.527777,0.521089,0.618549,0.508706,0.385752,0.517409,0.437112,0.521551,0.527992,0.647708,0.560968,0.5482,0.623026,0.516718,0.566924,0.469222,0.612697,0.55849,0.560929,0.450504,0.577343,0.502352,0.481394,0.353663
0.11493,0.118827,0.463147,0.847938,0.176416,0.47477,0.426083,0.439433,0.610383,0.0269757,0.634192,0.412682,0.661757,0.447388,0.507323,0.662741,0.466511,0.438195,0.41479,0.674804,0.575794,0.425958,0.617921,0.603233,0.593848,0.544193,0.530463,0.526388,0.616619,0.459633,0.360197,0.548678,0.499657,0.540129,0.511973,0.652093,0.578267,0.540982,0.621886,0.5371,0.57245,0.465524,0.578314,0.408547,0.519186,0.391102,0.561351,0.504899,0.500664,0.33919
0.0928497,0.107495,0.575742,0.874394,0.536733,0.478972,0.392235,0.525527,0.682379,0.458379,0.594106,0.408798,0.645859,0.426321,0.549505,0.656573,0.467406,0.459641,0.456003,0.599298,0.582055,0.462008,0.640475,0.590104,0.592495,0.517628,0.53954,0.527799,0.617574,0.487793,0.379453,0.506668,0.380463,0.512834,0.565597,0.637572,0.525804,0.551198,0.62927,0.507663,0.562875,0.473872,0.626021,0.552541,0.554434,0.4334,0.578181,0.512251,0.468332,0.356056
0.114502,0.164592,0.582913,0.903103,0.542008,0.437538,0.449921,0.487654,0.714215,0.453419,0.623278,0.376896,0.618386,0.461834,0.478506,0.664779,0.470391,0.485046,0.520931,0.678579,0.579461,0.435143,0.605594,0.596264,0.602288,0.539455,0.530074,0.525118,0.612053,0.51946,0.398154,0.528175,0.489329,0.523669,0.531195,0.650606,0.543604,0.562184,0.628324,0.512549,0.573995,0.478403,0.670799,0.545082,0.566013,0.394343,0.567476,0.497959,0.502998,0.369489
0.111931,0.179794,0.575282,0.927055,0.52973,0.421914,0.542184,0.465203,0.643078,0.472077,0.602823,0.411065,0.664125,0.442255,0.535136,0.678866,0.458476,0.467018,0.519946,0.64067,0.60238,0.424172,0.586227,0.59358,0.597034,0.537572,0.528523,0.533481,0.625973,0.567398,0.353672,0.536863,0.607793,0.565344,0.56045,0.552526,0.604962,0.497512,0.595863,0.521439,0.559238,0.478457,0.621441,0.567636,0.569782,0.463421,0.574767,0.490987,0.488061,0.319592
0.720597,0.167734,0.401813,0.198867,0.858096,0.188839,0.596369,0.790973,0.834683,0.196312,0.737602,0.66403,0.525798,0.144704,0.605445,0.706662,0.515412,0.685941,0.577465,0.630809,0.563453,0.693894,0.936518,0.682974,0.6048,0.372726,0.866059,0.600473,0.677,0.343753,0.988129,0.670412,0.546905,0.56666,0.306966,0.416129,0.531693,0.449956,0.939436,0.754436,0.432448,0.881023,0.365259,0.990028,0.148381,0.455019,0.290023,0.287884,0.294082,0.00666297
0.100903,0.171335,0.630307,0.902943,0.491534,0.460325,0.437646,0.480058,0.687832,0.461684,0.610196,0.439436,0.65703,0.433666,0.549857,0.652598,0.466725,0.465787,0.508913,0.662774,0.585168,0.435783,0.606203,0.597019,0.608673,0.54989,0.530581,0.534155,0.60979,0.477244,0.460262,0.499989,0.499009,0.55285,0.543293,0.674765,0.586568,0.557666,0.610897,0.536119,0.562152,0.45687,0.615028,0.549396,0.562805,0.43602,0.596364,0.492338,0.484228,0.355917
0.118356,0.196038,0.540271,0.9487,0.577031,0.397666,0.496716,0.46275,0.728571,0.434778,0.6447,0.390128,0.642967,0.457917,0.487555,0.685746,0.472986,0.493441,0.535067,0.678887,0.594052,0.442222,0.615385,0.551246,0.584073,0.567126,0.53826,0.527998,0.603729,0.528568,0.374884,0.54319,0.612674,0.531024,0.504222,0.659215,0.523849,0.560451,0.606656,0.504696,0.612606,0.489631,0.656656,0.556286,0.557788,0.387512,0.582786,0.500051,0.528524,0.350882
0.114615,0.2047,0.638144,0.91426,0.485756,0.454276,0.47787,0.453782,0.709257,0.449879,0.601528,0.429854,0.659125,0.4363,0.541258,0.657493,0.468431,0.471447,0.533264,0.655811,0.587811,0.422936,0.615478,0.599785,0.593893,0.536567,0.528262,0.519485,0.615639,0.530759,0.373051,0.532376,0.562847,0.54204,0.483872,0.659488,0.566722,0.543576,0.623389,0.528189,0.565166,0.462703,0.608717,0.562934,0.560715,0.417887,0.576138,0.502417,0.4889,0.349842
0.456806,0.714499,0.601985,0.938266,0.584508,0.434025,0.162942,0.750307,0.51097,0.550953,0.69057,0.477006,0.645876,0.540727,0.413644,0.607119,0.39118,0.337621,0.39252,0.656502,0.67304,0.516697,0.685952,0.764867,0.414855,0.573474,0.586856,0.567946,0.581481,0.626983,0.351543,0.614895,0.712617,0.577287,0.474062,0.654362,0.533644,0.564581,0.622058,0.513374,0.556365,0.440491,0.636273,0.554913,0.567164,0.481703,0.57766,0.511616,0.465406,0.341363
0.576348,0.940568,0.670775,0.972232,0.503237,0.40319,0.584862,0.549548,0.695081,0.440458,0.631675,0.42671,0.646145,0.438372,0.504282,0.625799,0.467637,0.374207,0.24653,0.669691,0.585972,0.45399,0.631415,0.599209,0.584587,0.535894,0.534127,0.522659,0.620548,0.505838,0.391182,0.498325,0.476486,0.524199,0.522352,0.651439,0.545157,0.556172,0.636267,0.53556,0.558133,0.470395,0.616669,0.573842,0.560011,0.301233,0.581961,0.471591,0.579038,0.347136
0.0495069,0.0784204,0.466596,0.915199,0.29544,0.453294,0.458202,0.484809,0.627757,0.191003,0.615686,0.408197,0.654431,0.440754,0.517675,0.655141,0.461742,0.436221,0.414796,0.676614,0.584413,0.435109,0.613451,0.608236,0.578835,0.540727,0.535556,0.505373,0.630739,0.57287,0.377868,0.491927,0.53139,0.521698,0.536368,0.666414,0.577036,0.524432,0.604139,0.557372,0.584449,0.474141,0.554117,0.126029,0.457796,0.447688,0.541702,0.522873,0.507375,0.333887
0.114316,0.201923,0.638128,0.912165,0.485392,0.455446,0.482389,0.453093,0.711152,0.449007,0.600092,0.427134,0.656797,0.440665,0.542688,0.656646,0.467569,0.470799,0.532035,0.654419,0.585941,0.423782,0.615662,0.600061,0.594383,0.535174,0.527686,0.519472,0.61745,0.530873,0.37173,0.533607,0.569341,0.543042,0.481686,0.66196,0.567465,0.541671,0.623257,0.527599,0.563764,0.463258,0.609489,0.562416,0.560617,0.414115,0.576796,0.501527,0.488164,0.350555
0.0883398,0.137433,0.624654,0.886597,0.493245,0.46545,0.378154,0.50838,0.652964,0.489578,0.615619,0.419543,0.654487,0.436862,0.527857,0.656636,0.472084,0.455698,0.481977,0.665078,0.581334,0.433204,0.623513,0.597116,0.591416,0.536906,0.530934,0.52379,0.620531,0.497824,0.39237,0.50441,0.345795,0.507644,0.562154,0.641328,0.565518,0.55295,0.626061,0.51466,0.562642,0.470157,0.612727,0.556553,0.560951,0.460843,0.581324,0.49568,0.490153,0.349134
0.128223,0.213732,0.623828,0.912488,0.506053,0.438665,0.47384,0.480638,0.691209,0.453718,0.600055,0.424142,0.663096,0.430349,0.538797,0.654031,0.473229,0.484431,0.555543,0.660758,0.589463,0.428349,0.631297,0.606424,0.593462,0.541642,0.534464,0.51305,0.62263,0.517687,0.360508,0.519199,0.508739,0.547432,0.506293,0.663363,0.565772,0.551029,0.617927,0.524772,0.561524,0.469361,0.624504,0.563093,0.551317,0.440809,0.572559,0.498346,0.479438,0.348473
0.118958,0.2124,0.639062,0.915141,0.488175,0.455643,0.4646,0.46479,0.698872,0.457151,0.60512,0.427149,0.659374,0.436562,0.539712,0.658934,0.470394,0.473909,0.541111,0.656086,0.586805,0.421367,0.615578,0.599133,0.593132,0.536467,0.530158,0.519523,0.615985,0.524708,0.37915,0.527285,0.523466,0.536212,0.497703,0.656287,0.566837,0.546333,0.623765,0.524795,0.564729,0.464081,0.608893,0.561406,0.560825,0.429513,0.576978,0.502573,0.485335,0.352224
0.0883398,0.137433,0.624654,0.886597,0.493245,0.46545,0.378154,0.50838,0.652964,0.489578,0.615619,0.419543,0.654487,0.436862,0.527857,0.656636,0.472084,0.455698,0.481977,0.665078,0.581334,0.433204,0.623513,0.597116,0.591416,0.536906,0.530934,0.52379,0.620531,0.497824,0.39237,0.50441,0.345795,0.507644,0.562154,0.641328,0.565518,0.55295,0.626061,0.51466,0.562642,0.470157,0.612727,0.556553,0.560951,0.460843,0.581324,0.49568,0.490153,0.349134
0.0965945,0.149874,0.615051,0.892768,0.506545,0.462362,0.378175,0.499158,0.664207,0.481518,0.620482,0.438241,0.658839,0.453905,0.520284,0.654074,0.448595,0.439169,0.510158,0.655465,0.598075,0.437005,0.631703,0.631015,0.559577,0.549314,0.543001,0.527704,0.616485,0.506978,0.388512,0.512504,0.365805,0.511135,0.55456,0.638558,0.560818,0.554691,0.62226,0.514254,0.563087,0.469716,0.621523,0.555203,0.561421,0.456854,0.583514,0.504435,0.496089,0.350393
0.490985,0.690546,0.429584,0.961309,0.722024,0.278179,0.587679,0.294654,0.949106,0.361169,0.739479,0.332183,0.629759,0.574755,0.293536,0.769008,0.547268,0.519492,0.261707,0.758564,0.568898,0.56231,0.539703,0.51405,0.655455,0.549366,0.659282,0.555517,0.591892,0.580552,0.370541,0.463325,0.389442,0.577641,0.547531,0.64759,0.515625,0.622139,0.649804,0.486844,0.533576,0.437376,0.619484,0.525796,0.569639,0.776606,0.590037,0.522909,0.372827,0.300213
0.111139,0.185262,0.623633,0.903997,0.504942,0.452284,0.40744,0.480265,0.686929,0.472281,0.622165,0.412228,0.655186,0.448317,0.517451,0.670699,0.47562,0.47712,0.515625,0.669287,0.584645,0.437307,0.608701,0.590723,0.597995,0.535787,0.537452,0.525065,0.613714,0.514859,0.389653,0.509151,0.417479,0.524676,0.53905,0.648002,0.553651,0.557238,0.629428,0.519206,0.574057,0.467159,0.632042,0.557571,0.55578,0.425105,0.57566,0.495268,0.502595,0.35733
0.115565,0.196965,0.627618,0.91231,0.49232,0.435201,0.496807,0.442841,0.662641,0.474405,0.595946,0.422398,0.663877,0.429505,0.528008,0.669244,0.453766,0.467429,0.518667,0.637161,0.601888,0.424369,0.582199,0.601699,0.587894,0.534207,0.529114,0.519185,0.622012,0.53439,0.373931,0.530683,0.560916,0.53972,0.482549,0.658897,0.565434,0.551945,0.622612,0.529859,0.567197,0.471147,0.615495,0.565336,0.564962,0.440394,0.570242,0.491278,0.497801,0.34865
0.542632,0.830355,0.532668,0.975203,0.607735,0.391554,0.662739,0.488064,0.839578,0.310669,0.304211,0.349791,0.713758,0.437433,0.456125,0.63384,0.482586,0.345324,0.267232,0.735664,0.573447,0.349127,0.614572,0.563487,0.588382,0.534403,0.585922,0.564949,0.644183,0.518566,0.404508,0.547311,0.41533,0.510126,0.524649,0.623906,0.590061,0.535758,0.609214,0.521933,0.543814,0.4795,0.579224,0.570645,0.570914,0.498511,0.592277,0.480925,0.487297,0.324453
0.113589,0.189454,0.617713,0.914294,0.505836,0.439274,0.485982,0.493028,0.645129,0.478562,0.602793,0.412667,0.658009,0.438961,0.529225,0.66323,0.469349,0.457535,0.532196,0.621789,0.589728,0.439834,0.551067,0.598369,0.581278,0.563033,0.516476,0.514138,0.629682,0.533669,0.386493,0.536518,0.489039,0.521552,0.512515,0.65579,0.563265,0.550369,0.630348,0.516118,0.567765,0.463794,0.613718,0.575114,0.548622,0.469677,0.574889,0.500837,0.482971,0.346337
0.106207,0.171654,0.610655,0.908058,0.511432,0.430887,0.452636,0.500073,0.624833,0.493687,0.623115,0.416965,0.65475,0.439222,0.541542,0.676733,0.447078,0.474297,0.497416,0.649524,0.589835,0.398415,0.603919,0.566229,0.565176,0.554448,0.541465,0.521114,0.62366,0.531748,0.397253,0.527232,0.417905,0.523975,0.51915,0.654306,0.545191,0.568857,0.609161,0.505611,0.585657,0.456724,0.616662,0.559447,0.559856,0.471872,0.58053,0.487445,0.497498,0.343837
0.202102,0.137542,0.343268,0.854523,0.721901,0.401901,0.32932,0.537958,0.702183,0.405602,0.641684,0.558234,0.658825,0.437605,0.815695,0.709703,0.376201,0.527996,0.262652,0.647438,0.570059,0.42171,0.556971,0.620884,0.681318,0.568872,0.378092,0.501127,0.573721,0.165638,0.962477,0.420863,0.722558,0.7386,0.730978,0.843818,0.742729,0.517681,0.492241,0.575465,0.513017,0.458118,0.619281,0.481356,0.553056,0.439226,0.780225,0.370813,0.414415,0.454431
0.435925,0.00525932,0.303381,0.554582,0.925731,0.203889,0.685861,0.899382,0.662006,0.283266,0.706654,0.99158,0.893293,0.724315,0.183133,0.417883,0.787431,0.479283,0.61028,0.673203,0.182503,0.330308,0.441069,0.567719,0.818016,0.490266,0.200928,0.708446,0.0313512,0.738545,0.0927317,0.5692,0.509783,0.330748,0.447356,0.640945,0.469889,0.785458,0.523451,0.523798,0.550807,0.687909,0.477825,0.36916,0.680279,0.0680431,0.712066,0.24817,0.451738,0.464244
0.0876628,0.215143,0.598146,0.978466,0.50837,0.444087,0.480256,0.503049,0.680428,0.454493,0.612758,0.417993,0.654341,0.438307,0.538537,0.658658,0.46874,0.475011,0.546584,0.654613,0.586296,0.424508,0.616369,0.598792,0.591055,0.536936,0.530376,0.515105,0.620625,0.523522,0.381419,0.527127,0.528673,0.534444,0.510698,0.649084,0.555385,0.552719,0.622447,0.522549,0.576226,0.468416,0.617636,0.554987,0.563664,0.493613,0.583458,0.513376,0.471314,0.348862
0.0493917,0.0744933,0.488575,0.937586,0.58943,0.453189,0.379731,0.47682,0.715036,0.445763,0.620753,0.423741,0.651767,0.46236,0.521198,0.682292,0.440692,0.447936,0.407754,0.645806,0.605053,0.458331,0.616777,0.598716,0.597082,0.542835,0.534985,0.518157,0.61257,0.486287,0.385317,0.499099,0.465388,0.523565,0.576476,0.636102,0.494032,0.558413,0.625205,0.508254,0.592749,0.481308,0.674794,0.547365,0.550384,0.399402,0.577885,0.509578,0.499555,0.369863
0.120135,0.205042,0.615461,0.920881,0.512753,0.429704,0.489173,0.50373,0.684609,0.452617,0.620827,0.430316,0.678522,0.425633,0.532676,0.665006,0.473945,0.468586,0.558068,0.659806,0.5782,0.418841,0.628944,0.596532,0.60789,0.543772,0.504929,0.548208,0.609174,0.532313,0.356476,0.511635,0.506546,0.550458,0.485087,0.648942,0.5533,0.538486,0.632766,0.51617,0.568768,0.4667,0.628444,0.542002,0.558648,0.457021,0.59592,0.490791,0.474266,0.353996
0.115033,0.194307,0.602163,0.92233,0.524934,0.424517,0.484096,0.523823,0.686286,0.451687,0.637659,0.404753,0.674328,0.414046,0.523965,0.667555,0.473217,0.456012,0.57315,0.666931,0.590566,0.428089,0.640748,0.594975,0.602856,0.555171,0.507614,0.529626,0.624685,0.519003,0.382111,0.537083,0.489287,0.535943,0.51959,0.6655,0.554027,0.550832,0.611182,0.516914,0.559619,0.477645,0.637547,0.56366,0.547455,0.468347,0.576839,0.509169,0.480667,0.346494
0.128555,0.115611,0.402014,0.8475,0.115388,0.436762,0.454598,0.497443,0.770248,0.762689,0.593971,0.447973,0.658682,0.430406,0.526331,0.649566,0.466091,0.444032,0.423488,0.67046,0.584539,0.443087,0.621617,0.59358,0.585019,0.543085,0.534125,0.523993,0.611889,0.464018,0.360855,0.561264,0.485358,0.54618,0.507406,0.647055,0.576814,0.557095,0.620976,0.522117,0.551005,0.465622,0.608317,0.574762,0.55547,0.398941,0.572253,0.496025,0.493986,0.352146
0.112051,0.182762,0.62413,0.905573,0.498686,0.440298,0.507933,0.463745,0.702172,0.444427,0.601616,0.439971,0.660387,0.439235,0.544966,0.667466,0.471833,0.493425,0.50596,0.652489,0.566404,0.418443,0.618048,0.606326,0.588728,0.53646,0.548238,0.529162,0.622943,0.53203,0.359215,0.529597,0.596737,0.537957,0.473766,0.660672,0.566477,0.554023,0.617885,0.529796,0.565634,0.459036,0.62004,0.560316,0.5626,0.420007,0.577579,0.503342,0.493704,0.352406
0.114807,0.205105,0.638125,0.914376,0.485921,0.454269,0.477229,0.454243,0.708952,0.450088,0.60143,0.429683,0.659055,0.436401,0.541442,0.657672,0.468551,0.471604,0.533444,0.655976,0.587985,0.422719,0.615426,0.599675,0.593751,0.536593,0.528424,0.51954,0.615832,0.530577,0.373542,0.532581,0.561342,0.541856,0.484139,0.659712,0.566321,0.543668,0.623176,0.527966,0.565275,0.462664,0.608963,0.562805,0.560781,0.418128,0.576093,0.502446,0.488754,0.349576
0.0648865,0.0547187,0.506773,0.896214,0.583453,0.441207,0.428761,0.552213,0.691974,0.433189,0.556012,0.424958,0.684541,0.459451,0.50706,0.645694,0.466286,0.456113,0.418747,0.667834,0.57209,0.40955,0.617881,0.579973,0.62289,0.508377,0.520673,0.504781,0.626563,0.50114,0.381053,0.508642,0.459935,0.524765,0.596744,0.620768,0.502978,0.568496,0.639012,0.524607,0.602932,0.44142,0.674285,0.561097,0.550601,0.431055,0.553467,0.55608,0.455835,0.373887
0.160485,0.207231,0.482223,0.926365,0.638174,0.424761,0.413691,0.501347,0.692182,0.459744,0.573298,0.349238,0.651617,0.444001,0.503802,0.598434,0.458304,0.52486,0.490768,0.654256,0.595729,0.371772,0.609338,0.597867,0.59968,0.509307,0.49032,0.555144,0.657103,0.479568,0.401706,0.550272,0.50524,0.493209,0.621676,0.626306,0.493219,0.543361,0.649175,0.506061,0.624004,0.489274,0.672319,0.551292,0.555509,0.403349,0.578107,0.520411,0.441073,0.376152
0.0833846,0.112741,0.552357,0.904385,0.553501,0.476357,0.432769,0.567776,0.648539,0.474661,0.603679,0.385843,0.663401,0.415671,0.500154,0.66868,0.467014,0.440561,0.494874,0.67375,0.608173,0.423755,0.6405,0.591882,0.627666,0.567724,0.522034,0.543025,0.624526,0.494938,0.405183,0.537797,0.420945,0.477333,0.600782,0.634999,0.517913,0.570542,0.619981,0.506122,0.557458,0.486439,0.610452,0.556933,0.559524,0.469573,0.575563,0.511207,0.445667,0.35049
0.110214,0.185928,0.62764,0.908883,0.49187,0.469784,0.509699,0.465933,0.716584,0.446539,0.600141,0.40724,0.637865,0.470279,0.55307,0.64733,0.457259,0.4627,0.533434,0.644703,0.574846,0.424288,0.613359,0.598157,0.595307,0.526455,0.522154,0.525263,0.620547,0.535608,0.367203,0.53339,0.588547,0.548251,0.479588,0.667809,0.562236,0.537979,0.62167,0.528757,0.560611,0.463645,0.607852,0.565639,0.557033,0.414373,0.575528,0.507703,0.481746,0.351355
0.106683,0.0914276,0.453444,0.902349,0.628921,0.515326,0.4524,0.488239,0.712138,0.437871,0.578798,0.415312,0.615312,0.383299,0.529749,0.592064,0.422657,0.45674,0.41493,0.67449,0.610895,0.331978,0.626714,0.633539,0.596724,0.578164,0.545625,0.530139,0.617927,0.535902,0.370402,0.565662,0.537576,0.543803,0.585956,0.630507,0.442488,0.562165,0.63472,0.504411,0.541096,0.478241,0.630873,0.56526,0.549034,0.397042,0.577378,0.514838,0.437107,0.35875
0.308462,0.307848,0.271394,0.899844,0.723317,0.904583,0.591696,0.474646,0.646333,0.504535,0.674812,0.47989,0.683603,0.361215,0.483565,0.656867,0.459482,0.490294,0.460595,0.594196,0.709034,0.346601,0.630978,0.613036,0.899762,0.669689,0.663845,0.510499,0.570567,0.607081,0.310444,0.557407,0.500221,0.525425,0.386788,0.669042,0.747625,0.547227,0.629851,0.518111,0.6596,0.495313,0.675795,0.594306,0.53519,0.418295,0.554609,0.543324,0.481517,0.322927
0.13301,0.234283,0.634997,0.918314,0.499286,0.457077,0.431911,0.485094,0.678295,0.471766,0.608115,0.421952,0.657775,0.43655,0.539332,0.661132,0.470048,0.47855,0.556277,0.654918,0.584094,0.420821,0.615688,0.598226,0.593564,0.536598,0.530405,0.520952,0.616738,0.513892,0.385935,0.519981,0.446915,0.524206,0.526079,0.650215,0.563339,0.549707,0.623972,0.51831,0.565552,0.467878,0.612248,0.558057,0.560646,0.450125,0.57791,0.501696,0.481058,0.353791
0.0946901,0.160118,0.5342,0.948166,0.565982,0.412156,0.454378,0.468024,0.705565,0.448417,0.652183,0.384391,0.651096,0.413665,0.54026,0.552091,0.468699,0.563971,0.421323,0.630728,0.611964,0.382062,0.619136,0.636416,0.575158,0.52337,0.466846,0.49415,0.62374,0.512098,0.382205,0.562906,0.522385,0.547757,0.522345,0.650411,0.531285,0.558966,0.613458,0.518523,0.575063,0.491037,0.642586,0.56713,0.549797,0.4527,0.583462,0.51418,0.476835,0.341856
0.106079,0.117931,0.53412,0.888898,0.575866,0.499518,0.465074,0.547584,0.693722,0.446725,0.589375,0.404418,0.673019,0.435778,0.551364,0.665283,0.472929,0.484085,0.457066,0.640581,0.592931,0.433486,0.631556,0.617973,0.638382,0.55626,0.5109,0.507735,0.600404,0.507395,0.366048,0.501956,0.474017,0.530031,0.568356,0.632121,0.464196,0.589004,0.632965,0.508199,0.557516,0.47426,0.623182,0.552392,0.554372,0.409726,0.571066,0.516677,0.458382,0.343645
0.120068,0.0572093,0.480295,0.861639,0.564867,0.409896,0.490025,0.534375,0.687274,0.403836,0.528768,0.563063,0.312268,0.265471,0.356952,0.712595,0.432125,0.382037,0.511285,0.743753,0.583682,0.340304,0.513974,0.683555,0.623983,0.534721,0.453894,0.551949,0.667608,0.62961,0.11215,0.403715,0.446491,0.631963,0.900402,0.99303,0.572623,0.51521,0.554961,0.627238,0.676533,0.517865,0.397169,0.786232,0.479865,0.433246,0.644935,0.504734,0.534855,0.315411
